menu category	name	edid	form_id	build	price_xbox	price_ps	price_pc	limit_new	limit_existing	mutation	buff	order category	notes
Alcohol	Ballistic Bock	Brew_BallisticBock	0046983F		35	45	45	50	100			chems	
Alcohol	Beer	Brew_BeerBottleStandard01	0011EA93		10	20	20	50	100		Strength | Charisma | Luck	chems	
Alcohol	Blackwater Brew	Brew_BlackwaterBrew	003B5FC9		10	20	20	50	100		Luck | Strength | Charisma	chems	
Alcohol	Bourbon	Brew_Bourbon	000366C4		10	20	20	50	100		Luck | Strength | Endurance	chems	
Alcohol	Cranberry Moonshine	Brew_CranberryMoonshine	0016A13C		25	35	35	50	100		Luck | Charisma | Strength | Max HP	chems	
Alcohol	Duchess's Dram	Brew_DuchessDram	00572D17		N/A	N/A	N/A	N/A	N/A		Luck | Restore HP	alcohol	
Alcohol	Firecracker Whiskey	Brew_FirecrackerWhiskeyFresh	00469853		N/A	N/A	N/A	N/A	N/A			alcohol	
Alcohol	Firecracker Whiskey Manhattan	Brew_FirecrackerWhiskeyManhattan	003EC2C1		N/A	N/A	N/A	N/A	N/A			alcohol	
Alcohol	Firecracker Whiskey Old Fashioned	Brew_FirecrackerWhiskeyOldFashioned	003EC2C4		N/A	N/A	N/A	N/A	N/A			alcohol	
Alcohol	Fussfungle	Brew_Fussfungle	00648161		N/A	N/A	N/A	N/A	N/A		Charisma | Strength	alcohol	
Alcohol	Hard Lemonade	Brew_LemonadeHard	0045DAC2		15	25	25	50	100		Max AP	chems	
Alcohol	High Voltage Hefe	Brew_HighVoltageHefe	003EC3E7		35	45	45	50	100			chems	
Alcohol	Hoppy Hunter IPA	Brew_HoppyHunter	00454128		25	35	35	50	100			chems	
Alcohol	Lead Champagne	Brew_LeadChampagneFresh	00454122		25	35	35	50	100			chems	
Alcohol	Lead Champagne Bellini	Brew_LeadChampagneBellini	003EC2BD		35	45	45	50	100			chems	
Alcohol	Lead Champagne Mimosa	Brew_LeadChampagneMimosa	003EC2BC		35	45	45	50	100			chems	
Alcohol	Liquid Courage	Brew_LiquidCourage	0057AE02		50	60	60	10	10		Luck | Strength	chems	
Alcohol	Mire Magic Moonshine	E08A_Brew_GulpershineFresh	00622F8B								Strength	alcohol	
Alcohol	Mountain Honey	Brew_MountainHoneyMoonshine	000070A0		25	35	35	30	30		Luck | Charisma | Strength | Max HP	food	
Alcohol	Muttberry Shine	SFS01_Brew_MuttberryShine	000115E2								Luck | Charisma | Strength | Max HP	alcohol	
Alcohol	New River Red Ale	Brew_NewRiverRedAle	003B5FCA		10	20	20	50	100		Luck | Strength | Charisma	chems	
Alcohol	Nukashine	Brew_NukashineFresh	0047BC14		35	45	45	50	100			chems	
Alcohol	Oak Holler Lager	Brew_OakHollerLager	003B5FCB		10	20	20	50	100		Luck | Strength | Charisma	chems	
Alcohol	Old Possum	Brew_OldPossum	003B5FCC		10	20	20	50	100		Luck | Strength | Charisma	chems	
Alcohol	Pickaxe Pilsner	Brew_PickAxePilsner	003B5FCD		10	20	20	50	100		Luck | Strength | Charisma	chems	
Alcohol	Rad Ant Lager	Brew_RadAntLager	003EC3DF		35	45	45	50	100			chems	
Alcohol	Rodgers' Reserve Beer	MTN04_BeerBottleReserve	0050B5AA								Strength | Charisma | Luck	alcohol	
Alcohol	Rum	Brew_Rum	00145857		10	20	20	50	100		Luck | Strength | Agility	chems	
Alcohol	Sugar-Free Nukashine	SCORE_Brew_NukashineVintage_SugarFree	005FD9A7									alcohol	
Alcohol	Sunday Shine	SFS01_Brew_SundayShine	000115E3								Luck | Charisma | Strength | Max HP	alcohol	
Alcohol	Tater Shine	SFS01_Brew_TaterShine	000115E0								Luck | Charisma | Strength | Max HP	alcohol	
Alcohol	Tick Blood Tequila	Brew_TickBloodTequilaFresh	0046985D		25	35	35	50	100			chems	
Alcohol	Tick Blood Tequila Margarita	Brew_TickBloodTequilaMargarita	003EC2C7		35	45	45	50	100			chems	
Alcohol	Tick Blood Tequila Sunrise	Brew_TickBloodTequilaSunrise	003EC2C8		35	45	45	50	100			chems	
Alcohol	Vintage Firecracker Whiskey	Brew_FirecrackerWhiskeyVintage	00469854									alcohol	
Alcohol	Vintage Lead Champagne	Brew_LeadChampagneVintage	0045411B									alcohol	
Alcohol	Vintage Mire Magic Moonshine	E08A_Brew_GulpershineVintage	00655D13		25	35	35	50	100		Strength	chems	
Alcohol	Vintage Nukashine	Brew_NukashineVintage	0047BC08									alcohol	
Alcohol	Vintage Tick Blood Tequila	Brew_TickBloodTequilaVintage	0046985E									alcohol	
Alcohol	Vodka	Brew_Vodka	000366C3		10	20	20	50	100		Luck | Strength | Max HP	chems	
Alcohol	Whiskey	Brew_Whiskey	000366C1		10	20	20	50	100		Luck | Strength	chems	
Alcohol	White Russian	Brew_WhiteRussian	003F5C4D		35	45	45	50	100			chems	
Alcohol	Wine	Brew_Wine	000366C2		10	20	20	50	100		Luck | Strength | Max AP	chems	
Canned	Canned Aged Mirelurk Queen Steak	MirelurkQueenMeatTasty_Cannery	007FDA58		25	35	35	30	30	Carnivore	Restore HP | Endurance	food	
Canned	Canned Awesome Opossum Bacon	OpossumMeatCooked_Cannery	007FDA5C		15	25	25	30	30	Carnivore	Restore HP | Luck	food	
Canned	Canned Blight Soup	SCORE_S25_BlightVegetableCookedSoup_Cannery_G2	008D385B							Herbivore	Restore HP | Crit Damage	canned	
Canned	Canned Brain Bombs	SCORE_25_BrainBombsGourmet_Cannery_G1	008D3855							Herbivore	Restore HP | Restore AP | Intelligence	canned	
Canned	Canned Broiled Scorchbeast Brain	SCORE_25_ScorchBeastMeatBrainCooked_Cannery_G1	008D385A							Carnivore	Restore HP | Intelligence	canned	
Canned	Canned Corn Soup	CornVegetableCookedSoup_Cannery	007FDA65		10	20	20	30	30	Herbivore	Restore HP | AP Regen	food	
Canned	Canned Cranberry Relish	zzz_CranberryTastyRelish_Cannery	007AC61F	XP,Herbivore,Hybrid	25	35	35	30	30			food	
Canned	Canned Deathclaw Wellington	SCORE_S25_DeathclawMeatTastySouffle_Cannery_G2	008D385F							Carnivore	Restore HP | Strength	canned	
Canned	Canned Fish Chowder	Fishing_FishChowder_Cannery	00804717		25	35	35	30	30	Carnivore	Restore HP	food	
Canned	Canned Glowing Fish Chowder	ZZZ_Fishing_FishChowder_Glowing_Cannery	00804716									canned	
Canned	Canned Glowing Fungus Puree	GlowingFungusVegetableTastySoup_Cannery	007FDA5E	Herbivore,Hybrid	25	35	35	30	30	Herbivore	Restore HP | Energy Resist	food	
Canned	Canned Glowing Fungus Soup	GlowingFungusVegetableCookedSoup_Cannery	007FDA63		10	20	20	30	30	Herbivore	Restore HP | Rad Resist	food	
Canned	Canned Glowing Grilled Fish	ZZZ_Fishing_GrilledFish_Glowing_Cannery	00804718									canned	
Canned	Canned Gourd Soup	GourdVegetableCookedSoup_Cannery	007FDA64		10	20	20	30	30	Herbivore	Restore HP | Perception	food	
Canned	Canned Grilled Fish	Fishing_GrilledFish_Cannery	00804719		25	35	35	30	30	Carnivore	Restore HP	food	
Canned	Canned Gut Shroom Soup	GutShroomVegetableCookedSoup_Cannery	007FDA5F		25	35	35	30	30	Herbivore	Restore HP | XP	food	
Canned	Canned Meat Stew	FF06_Feed_CannedMeatTastyStew	00343776	XP	35	45	45	30	30	Carnivore	Restore HP | XP	chems	
Canned	Canned Megasloth Mushroom Soup	MegaSlothMushroomVegetableCookedSoup_Cannery	007FDA67		25	35	35	30	30	Herbivore	Restore HP | Crit Damage	food	
Canned	Canned Mirelurk Queen Steak	MirelurkQueenMeatCooked_Cannery	007FDA59		15	25	25	30	30	Carnivore	Restore HP | Endurance	food	
Canned	Canned Poached Angler	AnglerMeatCooked_Cannery	007FDA5B	Carnivore	15	25	25	30	30	Carnivore	Restore HP | Max AP	food	
Canned	Canned Radscorpion Steak	RadscorpionMeatCooked_Cannery	007FDA62		15	25	25	30	30	Carnivore	Restore HP | Energy Resist	food	
Canned	Canned Ribeye Steak	BrahminMeatCooked_Cannery	007FDA57		15	25	25	30	30	Carnivore	Restore HP | Carry Weight	food	
Canned	Canned Smoked Mirelurk Fillets	SCORE_S25_SmokedMirelurkGourmet_Cannery_G2	008D3862							Both	Restore HP | Carry Weight	canned	
Canned	Canned Stingwing Stew	StingwingMeatTastyStew_Cannery	007FDA60	Carnivore	25	35	35	30	30	Carnivore	Restore HP | Perception	food	
Canned	Canned Swamp Tofu Soup	SwampPlantTastyTofuSoup_Cannery	007FDA5A		45	55	55	30	30	Herbivore	Restore HP | Heal Rate	food	
Canned	Canned Sweet Tato Stew	TatoVegetableTastyStew_Cannery	007FDA66		25	35	35	30	30	Herbivore	Restore HP | Heal Rate	food	
Canned	Canned Tasty Squirrel Stew	SquirrelMeatTastyStew_Cannery	007FDA5D		35	45	45	30	30	Carnivore	Restore HP | XP	food	
Canned	Canned Tato Salad	SCORE_25_MeatWeek_TatoSaladCooked_Cannery_G1	008D3859							Herbivore	Restore HP | Max HP	canned	
Canned	Canned Vegetable Medley Soup	VegetableTastySoup_Cannery	007FDA61	Carnivore	25	35	35	30	30	Herbivore	Restore HP	food	
Chems	"""The Fix"""	GHL_TheFix	007A7678									chems	
Chems	Addictol	Addictol	000459C5		30	40	40	50	100			chems	
Chems	Antibiotics	SURV_DiseaseCure_Antibiotics	003E08A9		25	35	35	50	100			chems	
Chems	Berry Mentats	BerryMentats	000518BB	XP	25	35	35	100	200		Intelligence	chems	
Chems	Blood Pack	Bloodpack	00052409		55	65	65	50	100		Restore HP	chems	
Chems	Buffout	Buffout	00033778		25	35	35	50	100		Strength | Endurance | Max HP	chems	
Chems	Bufftats	Bufftats	00058AA5		25	35	35	50	100		Strength | Endurance | Perception | Max HP	chems	
Chems	Calmex	Calmex	00058AA7		35	45	45	50	100		Perception | Agility	chems	
Chems	Calmex Silk	DLC04_Calmex	00113DAC								Luck | Perception | Agility	chems	
Chems	Carry Weight Booster	SCORE_Boost_CarryWeight	006029FC								Carry Weight	chems	
Chems	Daddy-O	DaddyO	00156D0B		35	45	45	50	100		Intelligence | Perception	chems	
Chems	Day Tripper	DayTripper	00150729		35	45	45	50	100		Luck | Charisma	chems	
Chems	Disease Cure	SURV_DiseaseCure_HerbalMedicine	003E08A8		25	35	35	50	100			chems	
Chems	Fiery Infusion Tier I	CUT_MutatedEvents_FieryInfusion_Tier1	0068596A									chem	
Chems	Formula B	MTNZ03_FormulaB	003D0829								Strength | Perception | Endurance | Agility | Max HP	chems	
Chems	Formula P	SFS09_FormulaP	00417A42		35	45	45	50	100		Gun Accuracy | Charisma | Luck	chems	
Chems	Formula Q	CUT_SFS09_FormulaQ	00417A43								Gun Accuracy | Luck | Charisma	chem	
Chems	Fury	Fury	000628CA		35	45	45	50	100		Damage Resist | Melee Damage	chems	
Chems	Glowing Blood	GlowingOneBlood	000E2F68		0	10	10	50	100		Restore HP	chems	
Chems	Glowing Blood Pack	BloodpackGlowing	00058AB4		55	65	65	50	100		Restore HP | Rad Resist	chems	
Chems	Grape Mentats	GrapeMentats	0010129A		25	35	35	50	100		Barter | Charisma	chems	
Chems	Healing Cloud Infusion Tier I	CUT_MutatedEvents_HealingCloudInfusion_Tier1	00683DEE									chem	
Chems	Healing Cloud Infusion Tier II	CUT_MutatedEvents_HealingCloudInfusion_Tier2	00695839									chem	
Chems	Healing Cloud Infusion Tier III	CUT_MutatedEvents_HealingCloudInfusion_Tier3	00695838									chem	
Chems	Healing Salve	HealingSalve	000522F7		25	35	35	50	100			chems	
Chems	High-Radiation Fluids	EN07_HighRadiationFluids	0028D189		55	65	65	50	100		Restore HP	chems	
Chems	Insect Repellent	Potion_D01C_InsectRepellent	0045E3F6		10	20	20	50	100			chems	
Chems	Irradiated Blood Pack	BloodpackIrradiated	0037FE9B		55	65	65	50	100		Restore HP | Rad Resist	chems	
Chems	Lunchbox	SCORE_Lunchbox_Consumable	003DF247									chems	
Chems	Med-X	MedX	00033779		25	35	35	50	100		Damage Resist	chems	
Chems	Mentats	Mentats	0003377B								Intelligence | Perception	chems	
Chems	Nuclear Don's Custom Chem Blend	W05_MQR_203P_ChemBlend	005955A5								Extra Damage | Damage Resist | Max HP	chems	
Chems	Orange Mentats	OrangeMentats	000518C5		25	35	35	50	100		Perception	chems	
Chems	Overdrive	Overdrive	00058AAD		45	55	55	50	100		Crit Damage | Extra Damage	chems	
Chems	Phantom Device	MoM_PhantomDevice	00117B43									chems	
Chems	Psycho	Psycho	0003377D		25	35	35	100	200		Extra Damage | Damage Resist	chems	
Chems	Psychobuff	Psychobuff	00058AAC		25	35	35	100	200		Extra Damage | Strength | Endurance | Max HP	chems	
Chems	Psychotats	Psychotats	00058AAA		25	35	35	100	200		Extra Damage | Damage Resist | Perception	chems	
Chems	Rad-X	RadX	00024057		5	15	15	50	100		Rad Resist	chems	
Chems	Rad-X: Diluted	RadXDiluted	0012D3F1		5	15	15	50	100		Rad Resist	chems	
Chems	RadAway	RadAway	00023742		5	15	15	50	100			chems	
Chems	RadAway: Diluted	RadAwayDiluted	0012D3EF		5	15	15	50	100			chems	
Chems	RadShield	SFM04_Organic_RadShield	00081FDE		35	45	45	50	100		Rad Resist	chems	
Chems	Refreshing Beverage	CUT_RefreshingBeverage	00058AB8									chem	
Chems	Skeeto Spit	SkeetoSpit	00058ABC								Max HP	chem	
Chems	Stimpak	Stimpak	00023736		5	15	15	50	100			chems	
Chems	Stimpak Diffuser	StimGas	0041557C		20	30	30	50	100			chems	
Chems	Stimpak: Diluted	StimpakDiluted	003078C2		5	15	15	50	100			chems	
Chems	Stimpak: Super	SuperStimpak	00117DF9		15	25	25	50	100			chems	
Chems	Super Chem MK I	LGN_BrawlingChemist_Chem01	005A5DB3								Damage Resist | Strength | Melee Damage	chem	
Chems	Super Chem MK II	LGN_BrawlingChemist_Chem02	005A5DB4								Damage Resist | Extra Damage | Strength | Endurance | Melee Damage | Max HP	chem	
Chems	Super Chem MK III	LGN_BrawlingChemist_Chem03	005A5DB5								Damage Resist | Extra Damage | Strength | Endurance | Melee Damage | Max HP	chem	
Chems	SuperChem	LGN_BrawlingChemist_Chem04	005A5DB6								Damage Resist | Extra Damage | Strength | Endurance | Melee Damage | Max HP	chem	
Chems	Surly's Buffout	AC_SQ01_HellsEagles_SurlysBuffout	0073BB16								Strength | Endurance | Max HP	chem	
Chems	Survival Syringe	LGN_SurvivalShortcut_Chem01	005CBB7E									chem	
Chems	Trench-Med	TrenchMed_Pitt	0065F19D								Rad Resist	chem	
Chems	X-Cell	XCell	001506F4		45	55	55	30	30		Strength | Perception | Endurance | Charisma | Intelligence | Agility | Luck	chems	
Condiments & Non-Perishable	Canned Coffee	SurvivalistCoffee	0037E0C4	Herbivore,Carnivore,Hybrid	25	35	35	50	100		Restore AP	chems	
Condiments & Non-Perishable	Honey	Honey	004E7229		2	12	12	30	30		Restore AP	food	
Condiments & Non-Perishable	Pepper	CookingFlavor_Pepper	00118617		N/A	N/A	N/A	N/A	N/A			food	
Condiments & Non-Perishable	Razorgrain Flour	Cooking_Razorgrain_Flour	00478DEC		20	30	30	30	30		Restore AP	food	
Condiments & Non-Perishable	Royal Jelly	HoneyBeastRoyalJelly	00329C9E		N/A	N/A	N/A	N/A	N/A		Restore AP	prewar	
Condiments & Non-Perishable	Salt	CookingFlavor_Salt	00118613		N/A	N/A	N/A	N/A	N/A			food	
Condiments & Non-Perishable	Spices	CookingFlavor_Spices	0011863E		N/A	N/A	N/A	N/A	N/A			food	
Condiments & Non-Perishable	Sugar	CookingFlavor_Sugar	00118614		N/A	N/A	N/A	N/A	N/A		Restore AP	food	
Condiments & Non-Perishable	Sunshine Oil	SunshineOil_RSVP02	00529DE0	Herbivore,Carnivore,Hybrid	35	45	45	50	50	Herbivore	Restore AP | Damage Resist	chems	
Condiments & Non-Perishable	Syrup	SapVegetableCooked	0029451E		25	35	35	30	30	Herbivore	Restore HP | Agility	food	
Dishes & Teas	Aged Mirelurk Queen Steak	MirelurkQueenMeatTasty	003D749D		25	35	35	30	30	Carnivore	Restore HP | Endurance	food	
Dishes & Teas	Appalachili	AppalachiliCooked_RSVP02	003DB3E7		30	40	40	30	30	Carnivore	Restore HP | Luck	food	
Dishes & Teas	Awesome Opossum Bacon	OpossumMeatCooked	004E722B		15	25	25	30	30	Carnivore	Restore HP | Luck	food	
Dishes & Teas	Baked Bloatfly	BloatflyMeatCooked	0004A151		15	25	25	30	30	Carnivore	Restore HP | Rad Resist	food	
Dishes & Teas	Black-Eyed Susan's Soothin'	SSE_SusanSoothinCooked	007B26BB	XP,Carnivore,Herbivore,Hybrid	100	110	110	15	30	Herbivore	Restore HP | XP | Extra Damage	chems	
Dishes & Teas	Blackberry Honey Crisp	BlackberryHoneyCrispGourmet	003D5F3E		35	45	45	30	30	Herbivore	Restore HP | Restore AP | AP Regen	food	
Dishes & Teas	Blackberry Juice	BlackberryFruitCookedJuice	00294521		10	20	20	30	30	Herbivore	Restore HP | AP Regen	food	
Dishes & Teas	Blight Soup	BlightVegetableCookedSoup	002944EB		10	20	20	30	30	Herbivore	Restore HP | Crit Damage	food	
Dishes & Teas	Bloatfly Loaf	BloatflyMeatTasty	003C60D1		25	35	35	30	30	Carnivore	Restore HP | Rad Resist	food	
Dishes & Teas	Bloodbug Pepper Steak	BloodbugMeatTasty	003C60D7	Carnivore	35	45	45	30	30	Carnivore	Restore HP | Heal Rate	food	
Dishes & Teas	Bloodbug Steak	BloodbugMeatCooked	0004693F		15	25	25	30	30	Carnivore	Restore HP | Max HP	food	
Dishes & Teas	Brahmin Burgers	NWOT_BrahminBurgers	00669392		35	45	45	30	30	Carnivore	Restore HP	food	
Dishes & Teas	Brain Bombs	BrainBombsGourmet	0011C5B0	XP,Herbivore,Hybrid	100	110	110	30	30	Herbivore	Restore HP | Restore AP | Intelligence	food	
Dishes & Teas	Brain Fungus Soup	BrainFungusVegetableCookedSoup	002944F1		10	20	20	30	30	Herbivore	Restore HP | Intelligence	food	
Dishes & Teas	Broiled Scorchbeast Brain	ScorchBeastMeatBrainCooked	001C719E	XP,Carnivore	30	40	40	30	30	Carnivore	Restore HP | Intelligence	food	
Dishes & Teas	Caramel Mutfruit	NWOT_CaramelMutfruit	00669393		25	35	35	30	30	Herbivore	Perception	food	
Dishes & Teas	Carnival Pie	NWOT_CarnivalPie	0066D3F2		25	35	35	30	30	Herbivore	Restore HP | Max HP	food	
Dishes & Teas	Carrot Flower Nectar	CarrotFlowerHerbCookedNectar	003D7883		10	20	20	30	30	Herbivore	Restore HP | Perception	food	
Dishes & Teas	Carrot Soup	CarrotVegetableCookedSoup	002944FD		10	20	20	30	30	Herbivore	Restore HP | Perception	food	
Dishes & Teas	Cat Meat Steak	CatMeatCooked	0029452D		N/A	N/A	N/A	N/A	N/A	Carnivore	Restore HP | Agility	food	
Dishes & Teas	Cave Fungus Soup	CaveFungusVegetableCookedSoup	0029450E		N/A	N/A	N/A	N/A	N/A	Herbivore	Restore HP | Poison Resist	food	
Dishes & Teas	Chally's Feed	E02A_Meat_ChallysFeed	00552758	Herbivore	30	40	40	30	30	Herbivore	Restore HP | Luck	food	
Dishes & Teas	Charred Scorchbeast Liver	ScorchBeastMeatLiverCooked	001C71A4		15	25	25	30	30	Carnivore	Restore HP | Luck	food	
Dishes & Teas	Chew Stick	AnglerLureWeedVegetableCooked	002944CA		N/A	N/A	N/A	N/A	N/A	Herbivore	Restore HP | Luck	food	
Dishes & Teas	Chicken Noodle Soup	ChickenMeatCookedSoup	001119DB		15	25	25	30	30	Carnivore	Restore HP	food	
Dishes & Teas	Chitlins Con Carne	Chitlins_RSVP02	00529DDE		20	30	30	30	30	Carnivore	Restore HP | Endurance	food	
Dishes & Teas	Company Tea	CompanyTea_RSVP02	00120C9B	Herbivore,Hybrid	100	110	110	30	30	Herbivore	AP Regen	food	
Dishes & Teas	Cooked Softshell Meat	MirelurkSoftshellMeatCooked	00046942		15	25	25	30	30	Carnivore	Restore HP | Max AP	food	
Dishes & Teas	Corn Pone	CornPoneCooked_RSVP02	003CD0E7		25	35	35	30	30	Herbivore	Charisma | Restore HP	food	
Dishes & Teas	Corn Soup	CornVegetableCookedSoup	00294510		10	20	20	30	30	Herbivore	Restore HP | AP Regen	food	
Dishes & Teas	Corpse Seed Juice	CorpseFlowerSeedsFruitCookedJuice	00294522		0	10	10	30	30	Herbivore	Restore HP | Max AP	food	
Dishes & Teas	Cramburger	Cramburger_RSVP02	003E9FA6		30	40	40	30	30	Carnivore	Restore HP | Carry Weight	food	
Dishes & Teas	Cranberry Cobbler	CranberryCookedCobbler	003D5F2D		10	20	20	30	30	Herbivore	Restore HP | XP	food	
Dishes & Teas	Cranberry Jam	CranberryTastyJam	003D5F2F		35	45	45	30	30	Herbivore	Restore HP | Damage Resist	food	
Dishes & Teas	Cranberry Juice	CranberryCookedJuice	00294523		10	20	20	30	30	Herbivore	Restore HP | XP	food	
Dishes & Teas	Cranberry Meatball Grinder	CranberryMeatballGrinderGourmet	0012D42C	Carnivore	100	110	110	10	10	Both	Restore HP | Max HP	food	
Dishes & Teas	Cranberry Relish	CranberryTastyRelish	003D5F32	XP,Herbivore,Hybrid	25	35	35	30	30	Herbivore	Restore HP | XP | Restore AP	food	
Dishes & Teas	Crispy Cave Cricket	CaveCricketMeatCooked	001142FA		15	25	25	30	30	Carnivore	Restore HP | Energy Resist	food	
Dishes & Teas	Crispy Flying Ant Bits	SwarmMeatCooked	00294539		N/A	N/A	N/A	N/A	N/A	Carnivore	Restore HP | Restore AP	food	
Dishes & Teas	Crispy Squirrel Bits	SquirrelMeatCooked	000330FA		15	25	25	30	30	Carnivore	Restore HP | Agility	food	
Dishes & Teas	Deathclaw Egg Omelette	DeathclawEggCooked	0004693C		25	35	35	30	30	Carnivore	Restore HP | Heal Rate	food	
Dishes & Teas	Deathclaw Steak	DeathclawMeatCooked	00101293		20	30	30	30	30	Carnivore	Restore HP | Strength	food	
Dishes & Teas	Deathclaw Wellington	DeathclawMeatTastySouffle	001A71E7	Carnivore	100	110	110	10	10	Carnivore	Restore HP | Strength	food	
Dishes & Teas	Dog Meat Steak	DogMeatTasty	003C60D5	Carnivore	25	35	35	30	30	Carnivore	Restore HP | Endurance	food	
Dishes & Teas	Fasnacht Donut	Donut_Fasnacht	00478DE9		45	55	55	30	30		Restore HP	food	
Dishes & Teas	Fasnacht Sausage	Sausage_Fasnacht	003EEA45		30	40	40	30	30	Carnivore	Restore HP | Max HP	food	
Dishes & Teas	Firecap Soup	FirecapCookedSoup	003787C4		20	30	30	30	30	Herbivore	Restore HP | Energy Resist	food	
Dishes & Teas	Firecap Tasty Souffle	FirecapVegetableTastySouffle	003787C7		35	45	45	30	30	Herbivore	Restore HP | Energy Resist	food	
Dishes & Teas	Firecracker Berry Juice	FirecrackerBerryFruitCookedJuice	00294524		10	20	20	30	30	Herbivore	Restore HP | Crit Damage	food	
Dishes & Teas	Firecracker Nougat Heart	CUT_P01E_HeartNougatCandyFirecracker	0045C49D								Restore HP | Energy Resist	food	
Dishes & Teas	Fish and Tatos	Fishing_FishandTatos	007AED80		35	45	45	30	30	Carnivore	Restore HP | XP	food	
Dishes & Teas	Fish Chowder	Fishing_FishChowder	007B3FB6		25	35	35	30	30	Carnivore	Restore HP	food	
Dishes & Teas	Fox Jerky	FoxMeatCooked	004E7228		15	25	25	30	30	Carnivore	Restore HP | Agility	food	
Dishes & Teas	Fried Deerskins	FriedDeerskinsTasty_RSVP02	003E9FA4		30	40	40	30	30	Carnivore	Restore HP | AP Regen	food	
Dishes & Teas	Fried Fog Crawler	FogCrawlerMeatCooked	001113E0		15	25	25	30	30	Carnivore	Restore HP | Fog Resist	food	
Dishes & Teas	Fried Radroach On A Stick	NWOT_RadroachSkewer	0066D3EF		35	45	45	30	30	Carnivore	Restore HP | Agility	food	
Dishes & Teas	Fried Radroach On A Stick	NWOT_RadroachSkewer2	0066D3F5		35	45	45	30	30	Carnivore	Restore HP | Agility	food	
Dishes & Teas	Fried Radtoad Legs	RadToadLegTasty	003D7499		25	35	35	30	30	Carnivore	Restore HP | Carry Weight	food	
Dishes & Teas	Fried Scorpion On A Stick	NWOT_RadscorpionSkewer	0066D3F0		35	45	45	30	30	Carnivore	Restore HP | Agility	food	
Dishes & Teas	Gamma Green Tea	SSE_GammaGreenTeaCooked	007B2736		25	35	35	30	30	Herbivore	Restore HP	food	
Dishes & Teas	Glowing Fish and Tatos	Fishing_FishandTatos_Glowing	007D34A4							Carnivore	Restore HP	food	
Dishes & Teas	Glowing Fish Chowder	Fishing_FishChowder_Glowing	007D34A6							Carnivore	Restore HP	food	
Dishes & Teas	Glowing Fungus Puree	GlowingFungusVegetableTastySoup	003C60E6	Herbivore,Hybrid	25	35	35	30	30	Herbivore	Restore HP | Energy Resist	food	
Dishes & Teas	Glowing Fungus Soup	GlowingFungusVegetableCookedSoup	00294517		10	20	20	30	30	Herbivore	Restore HP | Rad Resist	food	
Dishes & Teas	Glowing Grilled Fish	Fishing_GrilledFish_Glowing	007D34A5							Carnivore	Restore HP	food	
Dishes & Teas	Glowing Meat Steak	GlowingMeatCooked	003B9424		30	40	40	30	30	Carnivore	Restore HP | Melee Damage	food	
Dishes & Teas	Gourd Soup	GourdVegetableCookedSoup	00294518		10	20	20	30	30	Herbivore	Restore HP | Perception	food	
Dishes & Teas	Granny's Tea	GrannysTea_RSVP02	003A2026		35	45	45	30	30	Herbivore	Restore HP | Heal Rate	food	
Dishes & Teas	Grilled Fish	Fishing_GrilledFish	007B2B9A		25	35	35	30	30	Carnivore	Restore HP	food	
Dishes & Teas	Grilled Hermit Crab	HermitCrabMeatCooked	0011159D		15	25	25	30	30	Carnivore	Restore HP | Endurance	food	
Dishes & Teas	Grilled Radhog Chops	BURN_RadhogMeatCooked	0084B86B		25	35	35	30	30	Carnivore	Restore HP | Endurance	food	
Dishes & Teas	Grilled Radroach	RadroachMeatCooked	0019797D		15	25	25	30	30	Carnivore	Restore HP | Endurance	food	
Dishes & Teas	Grilled Radstag	RadStagMeatCooked	00046952		15	25	25	30	30	Carnivore	Restore HP | Carry Weight	food	
Dishes & Teas	Grilled Radtoad	RadToadLegCooked	0003E055		15	25	25	30	30	Carnivore	Restore HP | Carry Weight	food	
Dishes & Teas	Ground Mole Rat	MoleratMeatTasty	0004A3B8		25	35	35	30	30	Carnivore	Restore HP | Agility	food	
Dishes & Teas	Gulper Slurry	GulperMeatCooked	001115EA		15	25	25	30	30	Carnivore	Restore HP	food	
Dishes & Teas	Gulper Stuffed Foot	NWOT_GulperStuffedFoot	00669394		35	45	45	30	30	Carnivore	Strength | Restore HP	food	
Dishes & Teas	Gut Shroom Soup	GutShroomVegetableCookedSoup	00424B70		25	35	35	30	30	Herbivore	Restore HP | XP	food	
Dishes & Teas	Headhunter's Headcheese	WL046_HeadhuntersHeadcheese_Pot_DoNotUse	005543B4		15	25	25	30	30	Carnivore	Restore HP | Damage Resist	food	
Dishes & Teas	Hotdog	Hotdog	00042828		15	25	25	30	30	Carnivore	Restore HP | Max HP	food	
Dishes & Teas	Iguana On A Stick	IguanaMeatCooked	000330FE		N/A	N/A	N/A	N/A	N/A	Carnivore	Restore HP | Luck	food	
Dishes & Teas	Iguana Soup	IguanaMeatTastySoup	00102157		N/A	N/A	N/A	N/A	N/A	Carnivore	Restore HP | Luck	food	
Dishes & Teas	Infused Bloodleaf Tea	BloodLeafHerbTastyTea	003C60F1		30	40	40	30	30	Herbivore	Restore HP	food	
Dishes & Teas	Infused Soot Flower Tea	SootFlowerHerbTastyTea	003C60F4	Herbivore,Hybrid	25	35	35	30	30	Herbivore	Restore HP | Max AP	food	
Dishes & Teas	Lemonade	Lemonade	0045CB9F		25	35	35	50	100	Herbivore	Max AP | AP Regen	chems	
Dishes & Teas	Light Mutant Hound Chops	MutantHoundMeatCookedLight	007331D1		25	35	35	30	30	Carnivore	Restore HP | Melee Damage	food	
Dishes & Teas	Light Mutton Chops	SheepsquatchMeatCookedLight	007331D0		25	35	35	30	30	Carnivore	Restore HP | Melee Damage	food	
Dishes & Teas	Light Yao Guai Ribs	YaoGuaiMeatCookedLight	007331D2		25	35	35	30	30	Carnivore	Restore HP | Melee Damage	food	
Dishes & Teas	Megasloth Mushroom Soup	MegaSlothMushroomVegetableCookedSoup	00294519		25	35	35	30	30	Herbivore	Restore HP | Crit Damage	food	
Dishes & Teas	Megasloth Tenderloin	MegaslothMeatTasty	003D749C		45	55	55	30	30	Carnivore	Restore HP | Energy Resist	food	
Dishes & Teas	Melon Juice	MelonFruitCookedJuice	00294525		10	20	20	30	30	Herbivore	Restore HP | Heal Rate	food	
Dishes & Teas	Mirelurk Boil	WL046_MirelurkBoil_Pot_DoNotUse	005543B7		25	35	35	30	30	Carnivore	Restore HP | Damage Resist	food	
Dishes & Teas	Mirelurk Cake	MirelurkMeatTastyCake	0004A152		25	35	35	30	30	Carnivore	Restore HP	food	
Dishes & Teas	Mirelurk Cake With Bloodleaf Aioli	MirelurkAndBloodleafGourmet	003D5F3B	Carnivore,Hybrid	25	35	35	30	30	Both	Restore HP | Rad Resist	food	
Dishes & Teas	Mirelurk Egg Omelette	MirelurkEggCooked	0004693E		15	25	25	30	30	Carnivore	Restore HP | AP Regen	food	
Dishes & Teas	Mirelurk Jerky	MirelurkMeatTastyJerky	00110F7D	Carnivore	25	35	35	30	30	Carnivore	Restore HP | Damage Resist	food	
Dishes & Teas	Mirelurk Queen Steak	MirelurkQueenMeatCooked	0021C00C		15	25	25	30	30	Carnivore	Restore HP | Endurance	food	
Dishes & Teas	Mirelurk Softshell Cake	MirelurkSoftshellMeatTasty	003C60DD		25	35	35	30	30	Carnivore	Restore HP | Agility	food	
Dishes & Teas	Mole Rat Chunks	MoleratMeatCooked	00046943		15	25	25	30	30	Carnivore	Restore HP | Strength	food	
Dishes & Teas	Mole Rat Jerky	MoleRatJerky	00674BBA		35	45	45	30	30	Carnivore	Restore HP | Strength	food	
Dishes & Teas	Moo-Moo Curd	MeatWeek_BrahminCurd	008B73C0								Restore HP | Max AP	food	
Dishes & Teas	Mothman Egg Omelette	MothmanEggCooked	0029451A	XP,Carnivore	25	35	35	30	30	Carnivore	Restore HP | Charisma	food	
Dishes & Teas	Mountain Hocks	MountainHocks_RSVP02	003E9FA5		25	35	35	30	30	Carnivore	Restore HP	food	
Dishes & Teas	Mud Cookie	MudCookie_RSVP02	00529DDF		30	40	40	30	30		Restore HP | Restore AP	food	
Dishes & Teas	Mutant Hound Chops	MutantHoundMeatCooked	0021188E		30	40	40	30	30	Carnivore	Restore HP | Melee Damage	food	
Dishes & Teas	Mutfruit Juice	MutfruitFruitCookedJuice	00294526		10	20	20	30	30	Herbivore	Restore HP | Agility	food	
Dishes & Teas	Mutfruit Nougat Heart	CUT_P01E_HeartNougatCandyMutfruit	0045C49E								Restore HP | Energy Resist	food	
Dishes & Teas	Mutt Chops	DogMeatCooked	00046940		15	25	25	30	30	Carnivore	Restore HP | Endurance	food	
Dishes & Teas	Mutton Chops	SheepsquatchMeatCooked	0046ECB2							Carnivore	Restore HP | Melee Damage	food	
Dishes & Teas	Mystery Meat Pie	P01B_MysteryMeatPieTasty	0040FC27		25	35	35	30	30	Carnivore	Restore HP | Carry Weight | Endurance	food	
Dishes & Teas	Nougat Candy Assortment	CUT_P01E_HeartNougatCandyAssortment	0045C498								Restore HP | Energy Resist	food	
Dishes & Teas	Nuka-Bottle Dog	NWOT_NukaBottleDog	0066D3F4		25	35	35	30	30	Carnivore	Restore HP | Max HP	food	
Dishes & Teas	Nuka-Dog	NWOT_NukaDog	0066D3F3		25	35	35	30	30	Carnivore	Restore HP | Max HP	food	
Dishes & Teas	Owlet Nuggets	OwletMeatCooked	004E722C							Carnivore	Restore HP | Intelligence	food	
Dishes & Teas	Pemmican	Pemmican	003EFC23	Carnivore	25	35	35	30	30	Carnivore	Restore HP | Endurance	food	
Dishes & Teas	Pepperoni Roll	PepperoniRollTasty	0058F9E1		35	45	45	30	30	Carnivore	Restore HP | Carry Weight	food	
Dishes & Teas	Pickled Prickeye	Burn_Food_SlipperCactusVeg_1	008468C5		35	45	45	30	30	Herbivore	AP Regen	food	
Dishes & Teas	Poached Angler	AnglerMeatCooked	00110BA5	Carnivore	15	25	25	30	30	Carnivore	Restore HP | Max AP	food	
Dishes & Teas	Pothole Potpie	PotholePotpie_RSVP02	003EAA34		20	30	30	30	30	Carnivore	Restore HP | Damage Resist	food	
Dishes & Teas	Prickeye Salad	Burn_Food_SlipperCactusVeg_2	008468C6		25	35	35	30	30	Herbivore	Damage Resist	food	
Dishes & Teas	Pumpkin Pie	PumpkinPieTasty	0036899A	Herbivore,Hybrid	25	35	35	30	30	Herbivore	Restore HP | Max HP	food	
Dishes & Teas	Pumpkin Soup	PumpkinVegetableCookedSoup	001C71AA		10	20	20	30	30	Herbivore	Restore HP | Perception	food	
Dishes & Teas	Radhog Burnt Ends	BURN_RadhogBurntEndsCooked	0084B86C	Carnivore	100	110	110	30	30	Both	Restore HP | AP Regen	food	
Dishes & Teas	Radrat Steak	RadratMeatCooked	001142D7		15	25	25	30	30	Carnivore	Restore HP | Perception	food	
Dishes & Teas	Radscorpion Egg Omelette	RadscorpionEggCooked	0004693D		10	20	20	30	30	Carnivore	Restore HP	food	
Dishes & Teas	Radscorpion Fillet	RadscorpionMeatTasty	003D7498		25	35	35	30	30	Carnivore	Restore HP | Energy Resist	food	
Dishes & Teas	Radscorpion Kebab	NWOT_RadscorpionKebab	0066DFC2	Carnivore	35	45	45	30	30	Carnivore	Restore HP | Energy Resist	food	
Dishes & Teas	Radscorpion Steak	RadscorpionMeatCooked	00046950		15	25	25	30	30	Carnivore	Restore HP | Fire Resist	food	
Dishes & Teas	Radstag Redemption	WL046_RadstagRedemption_Pot_DoNotUse	005543B9		30	40	40	30	30	Carnivore	Restore HP | Damage Resist	food	
Dishes & Teas	Radstag Stew	RadStagMeatTastyStew	0004696A		25	35	35	30	30	Carnivore	Restore HP | Energy Resist	food	
Dishes & Teas	Radtoad Omelette	RadToadEggCooked	0003E053		15	25	25	30	30	Carnivore	Restore HP | Endurance	food	
Dishes & Teas	Razorgrain Soup	RazorgrainVegetableCookedSoup	0029451B		10	20	20	30	30	Herbivore	Restore HP	food	
Dishes & Teas	Restorative Venison and Tato Stew	VenisonAndTatoStew_Stimpak	006406E0							Carnivore	Heal Rate	food	
Dishes & Teas	Ribeye Steak	BrahminMeatCooked	0004695A		15	25	25	30	30	Carnivore	Restore HP | Carry Weight	food	
Dishes & Teas	Roast Chicken	Storm_SE09_ChickenMeatCooked	00783A49		N/A	N/A	N/A	N/A	N/A	Carnivore	Restore HP | Perception	food	
Dishes & Teas	Roast Megasloth	MegaslothMeatCooked	001C71A8		25	35	35	30	30	Carnivore	Restore HP | Energy Resist	food	
Dishes & Teas	Roasted Ant	RadantMeatCooked	001142F9		25	35	35	30	30	Carnivore	Restore HP | Carry Weight	food	
Dishes & Teas	Roasted Mirelurk Meat	MirelurkMeatCooked	00046941		15	25	25	30	30	Carnivore	Restore HP | Max AP	food	
Dishes & Teas	Roasted Scorchbeast Heart	ScorchBeastMeatHeartCooked	001C71A0		15	25	25	30	30	Carnivore	Restore HP | Endurance	food	
Dishes & Teas	Royal Jelly Taffy	HoneyBeastRoyalJellyCooked	003D749A		20	30	30	30	30		Restore HP | Restore AP	food	
Dishes & Teas	S'mores	Smores	0046D292		45	55	55	30	30		Restore HP | Max AP	food	
Dishes & Teas	Scorchbeast Mixed Meat Stew	ScorchBeastTastyStew	003D749E		55	65	65	30	30	Carnivore	Restore HP | Endurance | Intelligence | Agility | Luck	food	
Dishes & Teas	Scorchbeast Steak	ScorchBeastMeatCooked	0019C225		55	65	65	30	30	Carnivore	Restore HP | Damage Resist	food	
Dishes & Teas	Seared Venison With Berries	VenisonWithStarlightBerriesGourmet	003D5F37	Carnivore,Hybrid	25	35	35	30	30	Both	Restore HP | Luck	food	
Dishes & Teas	Seasoned Rabbit Skewers	RabbitMeatCooked	001119D8		15	25	25	30	30	Carnivore	Restore HP | Luck	food	
Dishes & Teas	Silt Bean Puree	SiltBeanVegetableTastySoup	003C60E9	Herbivore,Hybrid	25	35	35	30	30	Herbivore	Restore HP | Damage Resist	food	
Dishes & Teas	Silt Bean Soup	SiltBeanVegetableCookedSoup	0029451F		15	25	25	30	30	Herbivore	Restore HP | Endurance	food	
Dishes & Teas	Simple Ash Rose Tea	AshRoseHerbCookedTea	003D7885		10	20	20	30	30	Herbivore	Restore HP | Charisma	food	
Dishes & Teas	Simple Aster Tea	AsterHerbCookedTea	003D7881		25	35	35	30	30	Herbivore	Restore HP | Intelligence	food	
Dishes & Teas	Simple Bloodleaf Tea	BloodLeafHerbCookedTea	003D74AD		10	20	20	30	30	Herbivore	Restore HP	food	
Dishes & Teas	Simple Fern Flower Tea	FernFlowerHerbCookedTea	003D787C		10	20	20	30	30	Herbivore	Restore HP | Strength	food	
Dishes & Teas	Simple Gut Shroom Tea	GutShroomVegetableCookedTea	00424B6E		15	25	25	30	30		Restore HP | Perception	food	
Dishes & Teas	Simple Soot Flower Tea	SootFlowerHerbCookedTea	003D7878		10	20	20	30	30	Herbivore	Restore HP | Max AP	food	
Dishes & Teas	Slice of Birthday Cake	BirthdayCakeSlice	006F7E7B								Restore HP | Restore AP | Charisma	food	
Dishes & Teas	Slice of Pumpkin Pie	PumpkinPieSlice	0083E768								Restore HP | Restore AP | Charisma	food	
Dishes & Teas	Slice of Slime Cake	SlimeCakeSlice	007ACF9A								Restore HP | Restore AP | Charisma	food	
Dishes & Teas	Smoked Mirelurk Fillets	SmokedMirelurkGourmet	003D5F41	Carnivore,Hybrid	25	35	35	30	30	Both	Restore HP | Carry Weight	food	
Dishes & Teas	Smoked Scorchbeast Lung	ScorchBeastMeatLungCooked	001C71A5		15	25	25	30	30	Carnivore	Restore HP | Agility	food	
Dishes & Teas	Soda Bread	PITT_SodaBread_01	0064735D		N/A	N/A	N/A	N/A	N/A	Herbivore	Restore HP | Max HP	food	
Dishes & Teas	Soot Flower Herb Paste	ToxicSootFlowerHerbCookedPaste	003D787E		10	20	20	30	30	Herbivore	Restore HP | Rad Resist	food	
Dishes & Teas	Spicy Venison and Tato Stew	VenisonAndTatoStew_Spiced	006406DF							Carnivore	Charisma | Restore HP	food	
Dishes & Teas	Spiked Venison and Tato Stew	VenisonAndTatoStew_Psycho	006406DE							Carnivore	Extra Damage | Damage Resist | Restore HP	food	
Dishes & Teas	Squirrel On A Stick	SquirrelMeatTasty	000366BB	Carnivore	25	35	35	30	30	Carnivore	Restore HP | Agility	food	
Dishes & Teas	Starlight Berry Cobbler	StarlightBerryCookedCobbler	003D787A		10	20	20	30	30	Herbivore	Restore HP | Endurance	food	
Dishes & Teas	Steeped Ash Rose Tea	AshRoseHerbTastyTea	002944CD	XP,Herbivore,Hybrid	25	35	35	30	30	Herbivore	Restore HP | Charisma	food	
Dishes & Teas	Steeped Aster Tea	AsterHerbTastyTea	002944D2		30	40	40	30	30	Herbivore	Restore HP | Intelligence	food	
Dishes & Teas	Steeped Black Bloodleaf Tea	BloodbloomHerbTastyTea	002944D3		N/A	N/A	N/A	N/A	N/A	Herbivore	Restore HP | Poison Resist	food	
Dishes & Teas	Steeped Carrot Flower Tea	CarrotFlowerHerbTastyTea	002944D8							Herbivore	Restore HP | Perception	food	
Dishes & Teas	Steeped Fern Flower Tea	FernFlowerHerbTastyTea	002944D9	Herbivore,Hybrid	25	35	35	30	30	Herbivore	Restore HP | Strength	food	
Dishes & Teas	Steeped Fever Blossom Tea	FeverBlossomHerbTastyTea	002944DA		25	35	35	30	30	Herbivore	Restore HP | AP Regen	food	
Dishes & Teas	Steeped Gourd Blossom Tea	GourdFlowerHerbTastyTea	002944DB	Herbivore,Hybrid	25	35	35	30	30	Herbivore	Restore HP | Endurance	food	
Dishes & Teas	Steeped Melon Blossom Chai	MelonFlowerHerbTastyTea	002944DE	Herbivore,Hybrid	25	35	35	30	30	Herbivore	Restore HP | Agility	food	
Dishes & Teas	Steeped Strangler Pod Tea	StranglerPodHerbTastyTea	002944E3	Herbivore	35	45	45	30	30	Herbivore	Restore HP | Rad Resist	food	
Dishes & Teas	Steeped Tato Flower Tea	TatoFlowerHerbTastyTea	002944E4		30	40	40	30	30	Herbivore	Restore HP | Intelligence	food	
Dishes & Teas	Steeped Thistle Tea	ThistleHerbTastyTea	002944E7		25	35	35	30	30	Herbivore	Restore HP | Crit Damage	food	
Dishes & Teas	Stingwing Filet	StingwingMeatCooked	00046945		15	25	25	30	30	Carnivore	Restore HP | Strength	food	
Dishes & Teas	Stingwing Stew	StingwingMeatTastyStew	003D7497	Carnivore	25	35	35	30	30	Carnivore	Restore HP | Perception	food	
Dishes & Teas	Swamp Tofu	SwampPlantCookedTofu	003D7887							Herbivore	Restore HP | Heal Rate	food	
Dishes & Teas	Swamp Tofu Soup	SwampPlantTastyTofuSoup	003D5F35		45	55	55	30	30	Herbivore	Restore HP | Heal Rate	food	
Dishes & Teas	Sweet Blackberry Tea	BlackberryFruitTastyTea	002D1585		25	35	35	30	30	Herbivore	Restore HP | Restore AP	food	
Dishes & Teas	Sweet Labrador Tea	SweetLabradorTea_RSVP02	003A2020		100	110	110	30	30	Herbivore	AP Regen | Restore HP	food	
Dishes & Teas	Sweet Mutfruit Tea	MutfruitFruitTastyTea	003C60EE		25	35	35	30	30	Herbivore	Restore HP | Crit Damage	food	
Dishes & Teas	Sweet Roll	SweetRollGourmet	000366BE		45	55	55	30	30		Restore HP | Restore AP | Charisma	food	
Dishes & Teas	Sweet Tato Stew	TatoVegetableTastyStew	003C60E3		25	35	35	30	30	Herbivore	Restore HP | Heal Rate	food	
Dishes & Teas	Sweetwater Special Blend	FFZ13_BrewSweetwaterTastyTea	002A8E1F		25	35	35	30	30	Herbivore	Perception	food	
Dishes & Teas	Tarberry Juice	TarberryFruitCookedJuice	00294529		10	20	20	30	30	Herbivore	Restore HP | Restore AP	food	
Dishes & Teas	Tarberry Nougat Heart	CUT_P01E_HeartNougatCandyTarberry	0045C494								Restore HP | Energy Resist	food	
Dishes & Teas	Tasty Mutant Hound Stew	MutantHoundMeatTastyStew	003C60DF		100	110	110	10	10	Carnivore	Restore HP | Melee Damage	food	
Dishes & Teas	Tasty Mutton Meat Pie	SheepsquatchMeatTasty	0046ECB1		100	110	110	10	10	Carnivore	Restore HP | Melee Damage	food	
Dishes & Teas	Tasty Radscorpion Egg Omelette	RadscorpionEggTasty	001F1208		25	35	35	30	30	Carnivore	Restore HP	food	
Dishes & Teas	Tasty Squirrel Stew	SquirrelMeatTastyStew	00036927		35	45	45	30	30	Carnivore	Restore HP | XP	food	
Dishes & Teas	Tasty Yao Guai Roast	YaoGuaiMeatTasty	0004696D		100	110	110	10	10	Carnivore	Restore HP | Melee Damage	food	
Dishes & Teas	Tato Juice	TatoFruitCookedJuice	0029452C		10	20	20	30	30	Herbivore	Restore HP | Max AP	food	
Dishes & Teas	Tato Salad	MeatWeek_TatoSaladCooked	005527BE		25	35	35	30	30	Herbivore	Restore HP | Max HP	food	
Dishes & Teas	Tato Salad Surprise	TatoSaladCooked_RSVP02	00529DDD		25	35	35	30	30	Herbivore	Restore HP | AP Regen	food	
Dishes & Teas	Tato Soup	TatoVegetableCookedSoup	00294520		55	65	65	30	30	Herbivore	Restore HP | Poison Resist	food	
Dishes & Teas	Vegetable Medley Soup	VegetableTastySoup	0004A3B9	Carnivore	25	35	35	30	30	Herbivore	Restore HP	food	
Dishes & Teas	Wolf Ribs	WolfMeatCooked	001113DF		15	25	25	30	30	Carnivore	Restore HP | Perception	food	
Dishes & Teas	Yao Guai Pastry	NWOT_YaoGuaiPastry	0066D3F1		35	45	45	30	30	Carnivore	Restore HP | Carry Weight	food	
Dishes & Teas	Yao Guai Ribs	YaoGuaiMeatCooked	00046955		30	40	40	30	30	Carnivore	Restore HP | Melee Damage	food	
Fish	Alpine Sawgill	Fishing_Fish_Meal_Small_Raw_Universal_Savage_AlpineSawgill	007CE4DC		N/A	N/A	N/A	N/A	N/A	Carnivore	Restore HP	food	
Fish	Armored Spinefish	Fishing_Fish_Meal_Large_Raw_Savage_ArmoredSpinefish	007CE4E6		N/A	N/A	N/A	N/A	N/A	Carnivore	Restore HP	food	
Fish	Ashen Ambusher	Fishing_Fish_Meal_Medium_Raw_Ash_AshenAmbusher	007CE4E5		N/A	N/A	N/A	N/A	N/A	Carnivore	Restore HP	food	
Fish	Banded Axolotl	Fishing_Fish_Meal_Small_Raw_Axolotl06_BandedAxolotl	008006D8		N/A	N/A	N/A	N/A	N/A	Carnivore	Restore HP	food	
Fish	Blisterfish	Fishing_Fish_Meal_Small_Raw_Cranberry_Blisterfish	007CE4DF		N/A	N/A	N/A	N/A	N/A	Carnivore	Restore HP	food	
Fish	Bloodwhisker	Fishing_Fish_Meal_Large_Raw_Forest_Bloodwhisker	007D2AF3		N/A	N/A	N/A	N/A	N/A	Carnivore	Restore HP	food	
Fish	Bluefin Zapper	Fishing_Fish_Meal_Medium_Raw_Skyline_BluefinZapper	007CE4D1		N/A	N/A	N/A	N/A	N/A	Carnivore	Restore HP	food	
Fish	Bog Lurker	Fishing_Fish_Meal_Medium_Raw_Cranberry_BogLurker	007D2AF4		N/A	N/A	N/A	N/A	N/A	Carnivore	Restore HP	food	
Fish	Bog Sawgill	Fishing_Fish_Meal_Small_Raw_Universal_Cranberry_BogSawgill	007CE4DA		N/A	N/A	N/A	N/A	N/A	Carnivore	Restore HP	food	
Fish	Bog Sucker	SeasonalFish_Meal_Medium_Raw_Bogsucker	008A45CD							Carnivore	Restore HP	fish	
Fish	Brahfin	Burn_Fish_Meal_Medium_Raw_BurningSprings_TwoHeaded	0084829D		N/A	N/A	N/A	N/A	N/A	Carnivore	Restore HP	food	
Fish	Brook Silverside	Fishing_Fish_Meal_Small_Raw_Generic_BrookSilverside	007CE4D3		N/A	N/A	N/A	N/A	N/A	Carnivore	Restore HP	food	
Fish	Chain Pickerel	Fishing_Fish_Meal_Medium_Raw_Generic_ChainPickerel	007CE4DB		N/A	N/A	N/A	N/A	N/A	Carnivore	Restore HP	food	
Fish	Charcoal Axolotl	Fishing_Fish_Meal_Small_Raw_Axolotl01_CharcoalAxolotl	008006D7		N/A	N/A	N/A	N/A	N/A	Carnivore	Restore HP	food	
Fish	Clay Axolotl	Fishing_Fish_Meal_Small_Raw_Axolotl03_BrownAxolotl	008006CF		N/A	N/A	N/A	N/A	N/A	Carnivore	Restore HP	food	
Fish	Deathjaw	Fishing_Fish_Meal_Large_Raw_Ash_Deathjaw	007D2AF0		N/A	N/A	N/A	N/A	N/A	Carnivore	Restore HP	food	
Fish	Dotted Axolotl	Fishing_Fish_Meal_Small_Raw_Axolotl04_DottedAxolotl	008006D9		N/A	N/A	N/A	N/A	N/A	Carnivore	Restore HP	food	
Fish	Fall Filet	SeasonalFish_Meal_FallFillet	008B76CF							Carnivore	Restore HP	fish	
Fish	Fernskipper	SeasonalFish_Meal_Small_Raw_Fernskipper	008A581E							Carnivore	Restore HP	fish	
Fish	Fester Koi	SeasonalFish_Meal_Medium_Raw_Festerkoi	008A45CC							Carnivore	Restore HP	fish	
Fish	Fish Bits	Fish_Fishbits	007CE310		N/A	N/A	N/A	N/A	N/A	Carnivore	Restore HP	food	
Fish	Glass Ghost	SeasonalFish_Meal_LocalLegend_Raw_SummerGlassGhost	008A45C9							Carnivore	Restore HP	fish	
Fish	Glowing Ambusher	Fishing_Fish_Meal_Medium_Glowing_Raw_Ash_GlowingAmbusher	007CE4E2		N/A	N/A	N/A	N/A	N/A	Carnivore	Restore HP	food	
Fish	Glowing Bog Lurker	Fishing_Fish_Meal_Medium_Glowing_Raw_Cranberry_GlowingBogLurker	007D2AF5		N/A	N/A	N/A	N/A	N/A	Carnivore	Restore HP	food	
Fish	Glowing Brahfin	Burn_Fish_Meal_Medium_Glowing_Raw_BurningSprings_TwoHeaded	0084829E		N/A	N/A	N/A	N/A	N/A	Carnivore	Restore HP	food	
Fish	Glowing Fish Bits	Fish_Fishbits_Glowing	007CE311		N/A	N/A	N/A	N/A	N/A	Carnivore	Restore HP	food	
Fish	Glowing Gulpy	Fishing_Fish_Meal_Large_Glowing_Raw_Mire_GlowingGulpy	007CE4D7		N/A	N/A	N/A	N/A	N/A	Carnivore	Restore HP	food	
Fish	Glowing Kanawha Piranha	Fishing_Fish_Meal_Small_Glowing_Raw_Forest_GlowingKanawhaPiranha	007CE4E1		N/A	N/A	N/A	N/A	N/A	Carnivore	Restore HP	food	
Fish	Glowing Potbelly Kelt	Fishing_Fish_Meal_Large_Glowing_Raw_Toxic_GlowingPotbellyKelt	007D2AF2		N/A	N/A	N/A	N/A	N/A	Carnivore	Restore HP	food	
Fish	Glowing Spinefish	Fishing_Fish_Meal_Large_Glowing_Raw_Savage_GlowingSpineFish	007CE4E4		N/A	N/A	N/A	N/A	N/A	Carnivore	Restore HP	food	
Fish	Glowing Stormswimmer	Fishing_Fish_Meal_Large_Glowing_Raw_Skyline_GlowingStormswimmer	007D2AEF		N/A	N/A	N/A	N/A	N/A	Carnivore	Restore HP	food	
Fish	Gulpy	Fishing_Fish_Meal_Large_Raw_Mire_Gulpy	007CE4EC		N/A	N/A	N/A	N/A	N/A	Carnivore	Restore HP	food	
Fish	Hocking Hill Hellion	Burn_Fish_Meal_LocalLegend_Raw_Deathjaw	0085A4F6		N/A	N/A	N/A	N/A	N/A	Carnivore	Restore HP	food	
Fish	Jellied Fish	SeasonalFish_Meal_SummerJelliedFish	008B33D4							Carnivore	Restore HP | Intelligence	fish	
Fish	Kanawha Piranha	Fishing_Fish_Meal_Small_Raw_Forest_KanawhaPiranha	007CE4D4		N/A	N/A	N/A	N/A	N/A	Carnivore	Restore HP	food	
Fish	Leatherback	Fishing_Fish_Meal_Small_Raw_Savage_Leatherback	007CE4D5		N/A	N/A	N/A	N/A	N/A	Carnivore	Restore HP	food	
Fish	Muddy Sawgill	Fishing_Fish_Meal_Small_Raw_Universal_Mire_MuddySawgill	007CE4E7		N/A	N/A	N/A	N/A	N/A	Carnivore	Restore HP	food	
Fish	Noxious Sawgill	Fishing_Fish_Meal_Small_Raw_Universal_Toxic_NoxiousSawgill	007CE4E3		N/A	N/A	N/A	N/A	N/A	Carnivore	Restore HP	food	
Fish	Orange Overseer	SeasonalFish_Meal_Medium_Raw_OrangeOverseer	008A45CB							Carnivore	Restore HP	fish	
Fish	Organ Grinder	Fishing_Fish_Meal_LocalLegend_Raw_OrganGrinder	00804F76		N/A	N/A	N/A	N/A	N/A	Carnivore	Restore HP	food	
Fish	Pink Axolotl	Fishing_Fish_Meal_Small_Raw_Axolotl02_PinkAxolotl	008006D3		N/A	N/A	N/A	N/A	N/A	Carnivore	Restore HP	food	
Fish	Potbelly Kelt	Fishing_Fish_Meal_Large_Raw_Toxic_PotbellyKelt	007CE4D2		N/A	N/A	N/A	N/A	N/A	Carnivore	Restore HP	food	
Fish	Purple Axolotl	Fishing_Fish_Meal_Small_Raw_Axolotl05_PurpleAxolotl	008006D4		N/A	N/A	N/A	N/A	N/A	Carnivore	Restore HP	food	
Fish	Purple Radpole	Fishing_Fish_Meal_Large_Raw_Toxic_PurpleRadpole	007CE4DD		N/A	N/A	N/A	N/A	N/A	Carnivore	Restore HP	food	
Fish	Redbelly	Fishing_Fish_Meal_Small_Raw_Generic_Redbelly	007CE4E9		N/A	N/A	N/A	N/A	N/A	Carnivore	Restore HP	food	
Fish	Ridge Trout	Fishing_Fish_Meal_Medium_Raw_Generic_RidgeTrout	007CE4E8		N/A	N/A	N/A	N/A	N/A	Carnivore	Restore HP	food	
Fish	Rusted Sawgill	Burn_Fish_Meal_Small_Raw_Universal_BurningSprings_Sawgill	0084829C		N/A	N/A	N/A	N/A	N/A	Carnivore	Restore HP	food	
Fish	Ryl-Tkannoth, Maw-Begotten	Fishing_Fish_Meal_LocalLegend_Raw_MawBegotten	00804F74		N/A	N/A	N/A	N/A	N/A	Carnivore	Restore HP	food	
Fish	Scaled Axolotl	Fishing_Fish_Meal_Small_Raw_Axolotl07_ScaledAxolotl	008006DC		N/A	N/A	N/A	N/A	N/A	Carnivore	Restore HP	food	
Fish	Shadow Axolotl	Fishing_Fish_Meal_Small_Raw_Axolotl09_ShadowAxolotl	008006D5		N/A	N/A	N/A	N/A	N/A	Carnivore	Restore HP	food	
Fish	Smoky Salmon	Fishing_Fish_Meal_Medium_Raw_Generic_SmokySalmon	007CE4E0		N/A	N/A	N/A	N/A	N/A	Carnivore	Restore HP	food	
Fish	Sooty Sawgill	Fishing_Fish_Meal_Small_Raw_Universal_Ash_SootySawgill	007CE4D0		N/A	N/A	N/A	N/A	N/A	Carnivore	Restore HP	food	
Fish	Speckled Axolotl	Fishing_Fish_Meal_Small_Raw_Axolotl11_SpeckledAxolotl	008006D6		N/A	N/A	N/A	N/A	N/A	Carnivore	Restore HP	food	
Fish	Spikesnapper	Fishing_Fish_Meal_Small_Raw_Mire_Spikesnapper	007D2AF1		N/A	N/A	N/A	N/A	N/A	Carnivore	Restore HP	food	
Fish	Spotted Axolotl	Fishing_Fish_Meal_Small_Raw_Axolotl10_SpottedAxolotl	008006DA		N/A	N/A	N/A	N/A	N/A	Carnivore	Restore HP	food	
Fish	Spring Filet	SeasonalFish_Meal_SpringFillet	008B76D0							Carnivore	Restore HP	fish	
Fish	Static Sawgill	Fishing_Fish_Meal_Small_Raw_Universal_Skyline_StaticSawgill	007CE4DE		N/A	N/A	N/A	N/A	N/A	Carnivore	Restore HP	food	
Fish	Stone Axolotl	Fishing_Fish_Meal_Small_Raw_Axolotl12_StoneAxolotl	008006D1		N/A	N/A	N/A	N/A	N/A	Carnivore	Restore HP	food	
Fish	Stormswimmer	Fishing_Fish_Meal_Large_Raw_Skyline_Stormswimmer	007CE4D6		N/A	N/A	N/A	N/A	N/A	Carnivore	Restore HP	food	
Fish	Striped Axolotl	Fishing_Fish_Meal_Small_Raw_Axolotl08_StripedAxolotl	008006DB		N/A	N/A	N/A	N/A	N/A	Carnivore	Restore HP	food	
Fish	Summer Filet	SeasonalFish_Meal_SummerFillet	008B33D3							Carnivore	Restore HP	fish	
Fish	Sunscream	Fishing_Fish_Meal_Small_Raw_Generic_Sunscream	007CE4D9		N/A	N/A	N/A	N/A	N/A	Carnivore	Restore HP	food	
Fish	Timber Sawgill	Fishing_Fish_Meal_Small_Raw_Universal_Forest_TimberSawgill	007CE4ED		N/A	N/A	N/A	N/A	N/A	Carnivore	Restore HP	food	
Fish	Walleye	Fishing_Fish_Meal_Medium_Raw_Generic_Walleye	007CE4EA		N/A	N/A	N/A	N/A	N/A	Carnivore	Restore HP	food	
Fish	Wasteland Fish Sandwich	SeasonalFish_Meal_SummerWastelandFishSandwich	008B33D5							Carnivore	Restore HP | Move Speed	fish	
Fish	Wavy Willard	Fishing_Fish_Meal_LocalLegend_Raw_WavyWillard	00804F75		N/A	N/A	N/A	N/A	N/A	Carnivore	Restore HP	food	
Fish	Winter Filet	SeasonalFish_Meal_WinterFillet	008B76CE							Carnivore	Restore HP	fish	
Fish	Withered Radeye	Burn_Fish_Meal_Medium_Raw_BurningSprings_Walleye	0084829F		N/A	N/A	N/A	N/A	N/A	Carnivore	Restore HP	food	
Fish	Yellow Bullhead	Fishing_Fish_Meal_Medium_Raw_Generic_YellowBullhead	007CE4EB		N/A	N/A	N/A	N/A	N/A	Carnivore	Restore HP	food	
Ingredients	Acidic Gulper Venom	E08A_GulperVenom	00622F8A		N/A	N/A	N/A	N/A	N/A			food	
Ingredients	Angler Meat	AnglerMeat	00110BA4							Carnivore		food	
Ingredients	Ant Meat	RadAntMeat	00112EFA							Carnivore		food	
Ingredients	Ash Rose	AshRoseHerb	0011C0C2							Herbivore		food	
Ingredients	Aster	AsterHerb	00110A12							Herbivore		food	
Ingredients	Bioluminescent Fluid	FFZ10_BioluminescentFluidPotion	0052863D										
Ingredients	Black Bloodleaf	BloodbloomHerb	00110B6B							Herbivore		food	
Ingredients	Blight	BlightVegetable	00111345							Herbivore		food	
Ingredients	Bloatfly Meat	BloatflyMeat	000330F4							Carnivore		food	
Ingredients	Bloodbug Meat	BloodbugMeat	00074D0D							Carnivore		food	
Ingredients	Bloodleaf	BloodLeafHerb	001C25EE							Herbivore		food	
Ingredients	Boiled Water	WaterBoiled	000366BF								Restore HP	food	
Ingredients	Brahmin Meat	BrahminMeat	0004A13F							Carnivore		food	
Ingredients	Brahmin Milk	Milk_Brahmin	003EEA41								Restore HP	food	
Ingredients	Brain Fungus	BrainFungusVegetable	001C0FC2							Herbivore		food	
Ingredients	Carrot	CarrotVegetable	000F742E							Herbivore		food	
Ingredients	Carrot Flower	CarrotFlowerHerb	001C4013							Herbivore		food	
Ingredients	Cat Meat	CatMeat	000939B8		N/A	N/A	N/A	N/A	N/A	Carnivore		food	
Ingredients	Cave Cricket Gland	CaveCricketMeatGland	0011335E							Carnivore		food	
Ingredients	Cave Cricket Meat	CaveCricketMeat	00112EE6							Carnivore		food	
Ingredients	Cave Fungus	CaveFungusVegetable	000330F7							Herbivore		food	
Ingredients	Chally's Milk	Milk_Chally	00553ED5								Restore HP | Strength	food	
Ingredients	Chicken Thigh	ChickenMeat	00111967							Carnivore		food	
Ingredients	Chicken Thigh	ChickenMeat_NoName	0047CB77							Carnivore		ingredient	
Ingredients	Corn	CornVegetable	000330F8							Herbivore		food	
Ingredients	Corpse Flower Stamen	CorpseFlowerStamenFruit	00366F95							Herbivore		food	
Ingredients	Corpse Seeds	CorpseFlowerSeedsFruit	00007030							Herbivore		food	
Ingredients	Cranberries	CranberryFruit	0010D90E							Herbivore		food	
Ingredients	Cream	Cream	0012DB3D								Restore HP	food	
Ingredients	Deathclaw Egg	DeathclawEgg	00046939							Carnivore		food	
Ingredients	Deathclaw Meat	DeathclawMeat	00074D0E							Carnivore		food	
Ingredients	Dirty Water	WaterDirty	0000EE1D									food	
Ingredients	Diseased Cranberries	CranberryFruitDiseased	001FABC2							Herbivore		food	
Ingredients	Fever Blossom	FeverBlossomHerb	00113106							Herbivore		food	
Ingredients	Firecap	FirecapVegetable	00064AF0							Herbivore		food	
Ingredients	Firecracker Berry	FirecrackerBerryFruit	0012C48E							Herbivore		food	
Ingredients	Flying Ant Meat	SwarmMeat	00112EE7							Carnivore		food	
Ingredients	Fox Meat	FoxMeat	004FE519							Carnivore		food	
Ingredients	Frog Egg	RadFrogEgg	004FE51C							Carnivore		food	
Ingredients	Frog Leg	RadFrogLeg	004FE51D							Carnivore		food	
Ingredients	Ginseng Root	Ginseng	004EE5D2							Herbivore		food	
Ingredients	Glowing Fungus	GlowingFungusVegetable	001C0FC3							Herbivore		food	
Ingredients	Glowing Mass	EN07_GlowingMass	0028D18A							Carnivore		food	
Ingredients	Glowing Meat	GlowingMeat	003657E1							Carnivore		food	
Ingredients	Glowing Resin	SapVegetable	000933EA							Herbivore		food	
Ingredients	Gourd	GourdVegetable	000EF24D							Herbivore		food	
Ingredients	Gourd Blossom	GourdFlowerHerb	001C4011							Herbivore		food	
Ingredients	Gulper Innards	GulperMeat	001115E9							Carnivore		food	
Ingredients	Gut Shroom	GutShroomVegetable	00412186							Herbivore		food	
Ingredients	Healthy Deathclaw Egg	Burn_E01_HealthyDeathclawEgg	0080A085							Carnivore		food	
Ingredients	Hermit Crab Meat	HermitCrabMeat	0011159C							Carnivore		food	
Ingredients	Honeycomb	HoneyComb	004E722A								Restore AP	food	
Ingredients	Iguana Bits	IguanaMeat	000330FD							Carnivore		food	
Ingredients	Inert Flux	FloraSpecimen_Failed	003D082A										
Ingredients	Intestine	Cooking_Intestine	003EEA40							Carnivore		ingredient	
Ingredients	Ionized Meat	EN07_IonizedMeat	0028D18D							Carnivore		food	
Ingredients	Kaleidopore Flower	KaleidoporeHerb	003FFADB							Herbivore		food	
Ingredients	Lure Weed	AnglerLureWeedVegetable	00111346							Herbivore		food	
Ingredients	Megasloth Meat	MegaslothMeat	0005303E							Carnivore		food	
Ingredients	Megasloth Mushroom	MegaSlothMushroomVegetable	00142950							Herbivore		food	
Ingredients	Melon	MelonFruit	000FAFEB							Herbivore		food	
Ingredients	Melon Bloom	MelonBloomHerb	001C4010							Herbivore		food	
Ingredients	Melon Blossom	MelonFlowerHerb	001F24B6							Herbivore		food	
Ingredients	Mirelurk Egg	MirelurkEgg	0023E9D4							Carnivore		food	
Ingredients	Mirelurk Meat	MirelurkMeat	000330FF							Carnivore		food	
Ingredients	Moldy Food	MoldyFood01	001A6397									food	
Ingredients	Mole Rat Meat	MoleratMeat	00033101							Carnivore		food	
Ingredients	Mongrel Dog Meat	Dogmeat	000330FB							Carnivore		food	
Ingredients	Mothman Egg	MothmanEgg	0008E922							Carnivore		food	
Ingredients	Mutant Hound Meat	MutanthoundMeat	00146156							Carnivore		food	
Ingredients	Mutated Fern Flower	FernFlowerHerb	000E34E9							Herbivore		food	
Ingredients	Mutfruit	MutfruitFruit	00033102							Herbivore		food	
Ingredients	Nuclear Wastewater	WaterNuclearWaste	003C2E07									food	
Ingredients	Opossum Meat	OpossumMeat	004FE51A							Carnivore		food	
Ingredients	Owlet Meat	OwletMeat	004FE51B							Carnivore		food	
Ingredients	Perfect Mothman Egg	E07A_Mothman_EnlightenedMothmanEgg	006238EE							Carnivore		food	
Ingredients	Pickled Pumpkin	MeatWeek_PickledPumpkin	008B73C3							Herbivore	Restore HP | Max HP | Carry Weight	ingredient	
Ingredients	Prickeye	VegetableSlipperCactus	008468C4							Herbivore		food	
Ingredients	Prime Meat	E02A_Meat_PrimeMeat	005527C2							Carnivore		food	
Ingredients	Pumpkin	PumpkinVegetable	00088C3C							Herbivore		food	
Ingredients	Purified Water	WaterPurified	000366C0		0	10	10	50	100		Restore HP	chems	
Ingredients	Queen Mirelurk Meat	MirelurkQueenMeat	0020D3DE							Carnivore		food	
Ingredients	Rabbit Leg	RabbitMeat	00111966							Carnivore		food	
Ingredients	Radhog Meat	BURN_RadhogMeat	0084B86A							Carnivore		food	
Ingredients	Radrat Meat	RadRatMeat	00112F04							Carnivore		food	
Ingredients	Radroach Meat	RadroachMeat	00033106							Carnivore		food	
Ingredients	Radscorpion Egg	RadscorpionEgg	0004693B							Carnivore		food	
Ingredients	Radscorpion Meat	RadscorpionMeat	00074D10							Carnivore		food	
Ingredients	Radstag Meat	RadstagMeat	0004A14F							Carnivore		food	
Ingredients	Radtoad Egg	RadToadEgg	00295BE5							Carnivore		food	
Ingredients	Radtoad Leg	RadToadLeg	00294538							Carnivore		food	
Ingredients	Raw Cobalt Flux	FloraSpecimenJarBlue	002DDD46										
Ingredients	Raw Crimson Flux	FloraSpecimenJarRed	002DDD45										
Ingredients	Raw Fluorescent Flux	FloraSpecimenJarOrange	002DDD4B										
Ingredients	Raw Fog Crawler Meat	FogCrawlerMeat	00110BA2							Carnivore		food	
Ingredients	Raw Violet Flux	FloraSpecimenJarPurple	002DDD4D										
Ingredients	Raw Wolf Meat	WolfMeat	00110A48							Carnivore		food	
Ingredients	Raw Yellowcake Flux	FloraSpecimenJarYellow	002DDD49										
Ingredients	Razorgrain	RazorgrainVegetable	000E0043							Herbivore		food	
Ingredients	Rhododendron Flower	RhododendronHerb	00525644							Herbivore		food	
Ingredients	Salmon Filet	Meal_SalmonFillet	008B7B86							Carnivore	Restore HP	ingredient	
Ingredients	Scorchbeast Brain	ScorchBeastMeatBrain	002DB87B							Carnivore		food	
Ingredients	Scorchbeast Heart	ScorchBeastMeatHeart	002DB87C							Carnivore		food	
Ingredients	Scorchbeast Liver	ScorchBeastMeatLiver	002DB87D							Carnivore		food	
Ingredients	Scorchbeast Lung	ScorchBeastMeatLung	002DB87E							Carnivore		food	
Ingredients	Scorchbeast Meat	ScorchBeastMeat	002DB87A							Carnivore		food	
Ingredients	Sheepsquatch Horn	Sheepsquatch_Horn	0046C85E							Herbivore		food	
Ingredients	Sheepsquatch Meat	SheepsquatchMeat	0046C85D							Carnivore		food	
Ingredients	Silt Bean	SiltBeanVegetable	001BE2AB							Herbivore		food	
Ingredients	Snaptail Reed	SnaptailReedVegetable	003C51DF							Herbivore		food	
Ingredients	Softshell Mirelurk Meat	MirelurkSoftshellMeat	00033100							Carnivore		food	
Ingredients	Soot Flower	SootFlowerHerb	001C3FDC							Herbivore		food	
Ingredients	Spoiled Bio Fluid	FFZ10_BioluminescentFluidPotion_Spoiled	005109AC										
Ingredients	Spoiled Brahmin Milk	Milk_Brahmin_Spoiled	0040A0B7		5	15	15	30	30			food	
Ingredients	Spoiled Fruit	SpoiledFood_Fruit	0037E135									food	
Ingredients	Spoiled Meat	SpoiledFood_Meat	0037E133									food	
Ingredients	Spoiled Vegetables	SpoiledFood_Vegetable	0037E134									food	
Ingredients	Squirrel Bits	SquirrelMeat	000366BC							Carnivore		food	
Ingredients	Starlight Berries	StarlightBerries	00384D8C							Herbivore		food	
Ingredients	Steeped Melon Bloom Tea	MelonBloomHerbTastyTea	002944DD							Herbivore	Restore HP | Max AP	food	
Ingredients	Steeped Strangler Bloom Tea	StranglerBloomHerbTastyTea	002944E0							Herbivore	Restore HP | Rad Resist	food	
Ingredients	Stingwing Meat	StingwingMeat	00074D0F							Carnivore		food	
Ingredients	Strangler Bloom	StranglerBloomHerb	00081FDB							Herbivore			
Ingredients	Strangler Pod	StranglerPodHerb	00050DC9							Herbivore		food	
Ingredients	Swamp Plant	SwampPlantVegetable	003D7496							Herbivore		food	
Ingredients	Tarberry	TarberryFruit	000D981D							Herbivore		food	
Ingredients	Tato	TatoVegetableFruit	0009DCC4							Herbivore		food	
Ingredients	Tato Flower	TatoFlowerHerb	001C400D							Herbivore		food	
Ingredients	Thistle	ThistleHerb	0009F24B							Herbivore		food	
Ingredients	Tick Blood	TickBlood	003D7494								Restore HP	food	
Ingredients	Toxic Goo	WaterToxicGoo	0051B568		10	20	20	50	100			chems	
Ingredients	Toxic Soot Flower	ToxicSootFlowerHerb	003C51E0							Herbivore		food	
Ingredients	Toxic Water	WaterToxic	0000CF92									food	
Ingredients	Wild Blackberry	BlackberryFruit	0000BAEF							Herbivore		food	
Ingredients	Winner's Cup	W05_MQR_203P_WinnersCup	0042F5B0									food	
Ingredients	Yao Guai Meat	YaoGuaiMeat	00047660							Carnivore		food	
Pre War Food	Blamco Brand Mac and Cheese (Clean)	BlamcoMacAndCheese_PreWar_Clean	000E3768		10	20	20	30	30		Restore HP	food	
Pre War Food	Blamco Brand Mac and Cheese (Dirty)	BlamcoMacAndCheese	0002FBE4		10	20	20	30	30		Restore HP	food	
Pre War Food	Bubblegum	Bubblegum	000330F6		5	15	15	30	30		Restore HP	food	
Pre War Food	Cajun Rice & Beans	SurvivalistRiceAndBeans	0037E0C6		10	20	20	30	30	Herbivore	Restore HP	food	
Pre War Food	Canned Dog Food	Dogfood	000BEA58		5	15	15	30	30	Carnivore	Restore HP	food	
Pre War Food	Cola Perk Bubblegum	PerkBubblegumCola	0037E0C2								Rad Resist	prewar	
Pre War Food	Cotton Candy Bites	DLC04_CottonCandyBites	00113377		10	20	20	30	30		Restore HP | Restore AP	food	
Pre War Food	Cotton Candy Bites	MTR04_Candy	0034ADA3								Restore HP | Restore AP	prewarf	
Pre War Food	Cram	Cram	000330EE		10	20	20	30	30	Carnivore	Restore HP	food	
Pre War Food	Dandy Boy Apples	DandyBoyApples	0002FBF7		10	20	20	30	30		Restore HP	food	
Pre War Food	Fancy Lads Snack Cakes (Clean)	FancyLadSnackCakes_PreWar_Clean	000E3778		10	20	20	30	30		Restore HP	food	
Pre War Food	Fancy Lads Snack Cakes (Dirty)	FancyLadSnackCakes	000330B4		10	20	20	30	30		Restore HP	food	
Pre War Food	Funnel Cake	DLC04_FunnelCake	00113378		10	20	20	30	30		Restore HP	food	
Pre War Food	Grape Perk Bubblegum	PerkBubblegumGrape	0037E0BF									prewar	
Pre War Food	Gum Drops	MTR04_Gumdrops	0034ADA4		0	10	10	30	30		Restore HP | Restore AP	food	
Pre War Food	Gum Drops	Gumdrops	000330FC								Restore HP | Restore AP	prewarf	
Pre War Food	Halloween Candy	CB02_HalloweenCandy	0051A9FC		5	15	15	50	100		Restore AP	chems	
Pre War Food	Imitation Seafood	SurvivalistSeafood	0037E0C3		10	20	20	30	30	Carnivore	Restore HP	food	
Pre War Food	InstaMash (Clean)	InstaMash_PreWar_Clean	000E377A							Herbivore	Restore HP	prewar	
Pre War Food	InstaMash (Dirty)	InstaMash	000366B9		10	20	20	30	30	Herbivore	Restore HP	food	
Pre War Food	Mystery Candy	Spooky_MysteryTreat	00620385									prewarf	
Pre War Food	Noodle Cup	NoodleCup	00017C73							Herbivore	Restore HP	prewar	
Pre War Food	Nuka Victory Candy	NukaVictoryCandyMachine_Candy	008DB3A4								Strength | Restore HP | Restore AP	prewarf	
Pre War Food	Nuka-Cola Candy	NukaColaCandyMachine_Candy	0067B396								Restore AP | Restore HP	nuka_cola	
Pre War Food	Nuka-Cola Quantum Candy	NukaQuantumCandyMachine_Candy	0067BBB1								Charisma | Restore HP | Restore AP	prewar	
Pre War Food	Perfect Bubblegum	SCORE_Bubblegum_Perfect	005EE7EC		N/A	N/A	N/A	N/A	N/A			prewar	
Pre War Food	Perfectly Preserved Pie	PreservedPie01	001A6396		100	110	110	30	30		Restore HP	food	
Pre War Food	Perk Bubblegum	PerkBubblegum	003BDB74								Restore HP	prewar	
Pre War Food	Popcorn	PopcornMachine_Popcorn	00621C0A								Restore AP | Restore HP	prewar	
Pre War Food	Pork n' Beans	PorknBeans	000330F0		10	20	20	30	30	Carnivore	Restore HP	food	
Pre War Food	Potato Crisps	PotatoCrisps	000330F1		10	20	20	30	30		Restore HP	food	
Pre War Food	Rudy's Canned Pozole	Moon_Rudy_Pozole	006BE8C7							Carnivore	Restore HP | Charisma | Luck	prewar	
Pre War Food	Salisbury Steak (Clean)	SalisburySteak_PreWar_Clean	000E3780		10	20	20	30	30	Carnivore	Restore HP	food	
Pre War Food	Salisbury Steak (Dirty)	SalisburySteak	000366BA		10	20	20	30	30	Carnivore	Restore HP	food	
Pre War Food	Strawberry Perk Bubblegum	PerkBubblegumStrawberry	0037E0C0								Damage Resist	prewar	
Pre War Food	Sugar Bombs (Clean)	SugarBombs_PreWar_Clean	000E3782		10	20	20	30	30		Restore HP | Restore AP	food	
Pre War Food	Sugar Bombs (Dirty)	SugarBombs	000330F2		10	20	20	30	30		Restore HP | Restore AP	food	
Pre War Food	Vegetarian Ham	SurvivalistVegHam	0037E0C5		10	20	20	30	30	Herbivore	Restore HP	food	
Pre War Food	Watermelon Perk Bubblegum	PerkBubblegumWatermelon	0037E0C1								Restore AP	prewar	
Pre War Food	Yum Yum Deviled Eggs	YumYumDeviledEggs	000366BD		10	20	20	30	30	Carnivore	Restore HP	food	
Serums	Adrenal Reaction Serum	Serum_AdrenalReaction	00505BD4		100	110	110	15	30			chems	
Serums	Bird Bones Serum	Serum_BirdBones	0050A5BC		100	110	110	15	30			chems	
Serums	Carnivore Serum	Serum_Carnivore	0050A5C0	Hybrid	100	110	110	15	30			chems	
Serums	Chameleon Serum	Serum_Chameleon	0050A5C6		100	110	110	15	30			chems	
Serums	Eagle Eyes Serum	Serum_EagleEyes	0050A5C9		100	110	110	15	30			chems	
Serums	Egg Head Serum	Serum_EggHead	0050A5CB		100	110	110	15	30			chems	
Serums	Electrically Charged Serum	Serum_ElectricallyCharged	0050A5CD		100	110	110	15	30			chems	
Serums	Empath Serum	Serum_Empath	0050A5D2		100	110	110	15	30			chems	
Serums	Grounded Serum	Serum_Grounded	0050A5D0		100	110	110	15	30			chems	
Serums	Healing Factor Serum	Serum_HealingFactor	0050A5D6		100	110	110	15	30			chems	
Serums	Herbivore Serum	Serum_Herbivore	0050A5C4	Hybrid	100	110	110	15	30			chems	
Serums	Herd Mentality Serum	Serum_HerdMentality	0050A5E3		100	110	110	15	30			chems	
Serums	Marsupial Serum	Serum_Marsupial	0050A5E7		100	110	110	15	30			chems	
Serums	Plague Walker Serum	Serum_PlagueWalker	0050A5E9		100	110	110	15	30			chems	
Serums	Scaly Skin Serum	Serum_ScalySkin	0050A5EB		100	110	110	15	30			chems	
Serums	Speed Demon Serum	Serum_SpeedDemon	0050A5ED		100	110	110	15	30			chems	
Serums	Talons Serum	Serum_Talons	0050A5EF		100	110	110	15	30			chems	
Serums	Twisted Muscles Serum	Serum_TwistedMuscles	0050A5F1		100	110	110	15	30			chems	
Serums	Unstable Isotope Serum	Serum_UnstableIsotope	0050A5F3		100	110	110	15	30			chems	
Soda	Fermentable Ballistic Bock	Brew_BallisticBockFerm	00469842									drink	
Soda	Fermentable Beer	Brew_BeerBottleStandard01Ferm	0046F4F5									drink	
Soda	Fermentable Blackwater Brew	Brew_BlackwaterBrewFerm	0046F4F4									drink	
Soda	Fermentable Bourbon	Brew_BourbonFerm	0046F4F0									drink	
Soda	Fermentable Cranberry Moonshine	Brew_CranberryMoonshineFerm	003F2DEA									drink	
Soda	Fermentable Firecracker Whiskey	Brew_FirecrackerWhiskeyFerm	00469852									drink	
Soda	Fermentable High Voltage Hefe	Brew_HighVoltageHefeFerm	003EC3ED									drink	
Soda	Fermentable Hoppy Hunter IPA	Brew_HoppyHunterFerm	0045412F									drink	
Soda	Fermentable Lead Champagne	Brew_LeadChampagneFerm	00454123									drink	
Soda	Fermentable Liquid Courage	Brew_LiquidCourageFerm	0057AE04									drink	
Soda	Fermentable Mire Magic Moonshine	E08A_Brew_GulpershineFerm	00655D12									drink	
Soda	Fermentable Mountain Honey Moonshine	Brew_MountainHoneyMoonshineFerm	003F3054									drink	
Soda	Fermentable New River Red Ale	Brew_NewRiverRedAleFerm	0046F4F1									drink	
Soda	Fermentable Nuka-Cola Dark	Brew_DLC04_NukaCola_DarkFerm	003F3053									drink	
Soda	Fermentable Nukashine	Brew_NukashineFerm	0047BC13									drink	
Soda	Fermentable Nukashine 2 Electric Boogaloo	AC_SQ04_Reopening_Brew_NewNukaDrinkFerm	0073CAE5									drink	
Soda	Fermentable Oak Holler Lager	Brew_OakHollerLagerFerm	0046F4F7									drink	
Soda	Fermentable Old Possum	Brew_OldPossumFerm	0046F4F8									drink	
Soda	Fermentable Pickaxe Pilsner	Brew_PickAxePilsnerFerm	0046F4F9									drink	
Soda	Fermentable Rad Ant Lager	Brew_RadAntLagerFerm	003EC3E5									drink	
Soda	Fermentable Rum	Brew_RumFerm	0046F4F2									drink	
Soda	Fermentable Tick Blood Tequila	Brew_TickBloodTequilaFerm	0046985C									drink	
Soda	Fermentable Vodka	Brew_VodkaFerm	0046F4EF									drink	
Soda	Fermentable Whiskey	Brew_WhiskeyFerm	0046F4F3									drink	
Soda	Fermentable Wine	Brew_WineFerm	0046F4FA									drink	
Soda	Irradiated Sunset Sarsaparilla	SCORE_S22_Consumable_SunsetSarsaparilla_Irradiated	00837E07								Restore HP	nuka_cola	
Soda	Nuka-Cherry	NukaColaCherry	00048360		20	30	30	50	100		Restore HP | Restore AP	chems	
Soda	Nuka-Cola	NukaCola	0004835D								Restore HP | Restore AP	nuka_cola	
Soda	Nuka-Cola Cranberry	NukaColaCranberry	00598DCD	XP	35	45	45	30	30		Restore HP | XP	chems	
Soda	Nuka-Cola Dark	Brew_DLC04_NukaCola_Dark	00113294	Carnivore	35	45	45	50	100		Strength | Endurance | Luck	chems	
Soda	Nuka-Cola My Blood's In It	NukaCola_Vaccine_Blood	005939C8		25	35	35	30	30		Restore HP	chems	
Soda	Nuka-Cola Quantum	NukaColaQuantum	0004835F		10	20	20	50	100		Restore HP | Restore AP	chems	
Soda	Nuka-Cola Scorched	NukaCola_Vaccine_Scorched	005939CA		25	35	35	30	30		Restore HP	chems	
Soda	Nuka-Cola Twist	NukaCola_Twist	00660864		35	45	45	30	30		Restore HP | Restore AP	chems	
Soda	Nuka-Cola Vaccinated	NukaCola_Vaccine_Vaccinated	005939C9		25	35	35	30	30		Restore HP	chems	
Soda	Nuka-Cola Wild	DLC04_NukaCola_Wild	0011329B		35	45	45	50	100		Restore HP | Restore AP	chems	
Soda	Nuka-Grape	DLC04_NukaCola_Grape	00113292		35	45	45	50	100		Restore HP | Restore AP	chems	
Soda	Nuka-Orange	DLC04_NukaCola_Orange	00113298		35	45	45	50	100		Restore HP | Restore AP | Rad Resist	chems	
Soda	Star Size Sunset Sarsaparilla	SCORE_S22_Consumable_SunsetSarsaparilla_StarSize	00837E08								Restore HP	nuka_cola	
Soda	Sunset Sarsaparilla	SCORE_S22_Consumable_SunsetSarsaparilla	00832CA7		45	55	55	30	30		Restore HP	chems	
Soda	Volatile Nuka Quantum	Burn_Bounty_IcedNukaCola	0083A263									nuka_cola	
