Activity / Event Name	Region	Location / LCTN
Activity: AWOL Armaments	Cranberry Bog	RobCo Research Center
Activity: Always Vigilant	Savage Divide	Relay tower DP-B5-21
Activity: Always Vigilant	Forest	Relay tower EM-B1-27
Activity: Always Vigilant	Ash Heap	Relay tower HG-B7-09
Activity: Always Vigilant	Savage Divide	Relay tower LW-B1-22
Activity: Always Vigilant	Savage Divide	Relay tower EL-B1-02
Activity: Back on the Beat	Forest	Morgantown
Activity: Battle Bots	Ash Heap	Mount Blair Trainyard
Activity: Breach and Clear	Ash Heap	Horningwright Testing Site 02
Activity: Breach and Clear	Ash Heap	Horningwright Testing Site 03
Activity: Breach and Clear	Ash Heap	Horningwright Testing Site 04
Activity: Census Violence	Cranberry Bog	General's Steakhouse
Activity: Census Violence	Cranberry Bog	Sunrise Field
Activity: Census Violence	Cranberry Bog	Survey camp Alpha
Activity: Census Violence	Cranberry Bog	Thunder Mountain substation TM-02
Activity: Census Violence	Cranberry Bog	Big Bend Tunnel east
Activity: Census Violence	Cranberry Bog	Ranger district office
Activity: Census Violence	Cranberry Bog	Drop Site V9
Activity: Census Violence	Cranberry Bog	Lost home
Activity: Census Violence	Cranberry Bog	Old Mold Quarry
Activity: Collision Course	Forest	Morgantown Airport
Activity: Death Blossoms	Forest	Arktos Pharma
Activity: Death Blossoms	Forest	Fissure Site Kappa
Activity: Death Blossoms	Forest	Lady Janet's Soft Serve
Activity: Death Blossoms	Forest	Marigold Pavilion
Activity: Death Blossoms	Forest	Morgantown Station
Activity: Distant Thunder	Cranberry Bog	East of Appalachian Antiques
Activity: Distant Thunder	Cranberry Bog	NAR repair yard
Activity: Distant Thunder	Cranberry Bog	Superior Sunset Farm
Activity: Fertile Soil	Forest	Vault-Tec Agricultural Research Center
Activity: Fly Swatter	Ash Heap	Lewisburg station
Activity: Fly Swatter	Ash Heap	Red Rocket filling station
Activity: Fly Swatter	Ash Heap	Welch
Activity: Grafton Day	Toxic Valley	Grafton
Activity: Irrational Fear	The Mire	Northeast of Raleigh Clay's bunker
Activity: It's a Trap	The Mire	Cliffwalk Track
Activity: It's a Trap	Savage Divide	Devil's Alley
Activity: It's a Trap	Cranberry Bog	Giese Berry Bog
Activity: It's a Trap	The Mire	Harrison Heights
Activity: It's a Trap	Savage Divide	Jaggy's Crag
Activity: It's a Trap	Ash Heap	Slurry Run
Activity: It's a Trap	Cranberry Bog	Soggy Bottom
Activity: Leader of the Pack	Forest	Tyler County Fairgrounds
Activity: Manhunt	Toxic Valley	Grafton Dam
Activity: Monster Mash	Cranberry Bog	Watoga High School
Activity: Patrol Duty	Toxic Valley	Eastern Regional Penitentiary [LCTN:000158E5]
Activity: Project Beanstalk	Forest	Silva Homestead
Activity: Protest March	Toxic Valley	Grafton
Activity: Riding Shotgun	Cranberry Bog	Big Bend Tunnel East
Activity: Surface to Air	Cranberry Bog	Forward Station Alpha
Activity: Surface to Air	Cranberry Bog	Firebase Hancock
Activity: Surface to Air	Cranberry Bog	Firebase LT
Activity: Surface to Air	Cranberry Bog	Firebase Major
Activity: Surface to Air	Cranberry Bog	Survey Camp Alpha
Activity: Surface to Air	Cranberry Bog	The Thorn
Enclave Activity: A Real Blast	Cranberry Bog	Abandoned Bog Town
Enclave Activity: A Real Blast	Toxic Valley	Clarksburg
Enclave Activity: A Real Blast	The Mire	Harpers Ferry
Enclave Activity: A Real Blast	Ash Heap	Mount Blair Trainyard
Enclave Activity: A Real Blast	The Mire	Red Rocket Mega Stop
Enclave Activity: A Real Blast	Savage Divide	Seneca Rocks Visitor Center
Enclave Activity: A Real Blast	Ash Heap	Welch
Enclave Activity: Bots on Parade	Ash Heap	Lewisburg Station
Enclave Activity: Bots on Parade	The Mire	Berkeley Springs Station
Enclave Activity: Bots on Parade	Cranberry Bog	Appalachian Antiques
Enclave Activity: Bots on Parade	Ash Heap	Camden Park
Enclave Activity: Dropped Connection	The Mire	Berkeley Springs
Enclave Activity: Dropped Connection	The Mire	Harpers Ferry
Enclave Activity: Dropped Connection	Cranberry Bog	Watoga
Event: A Colossal Problem	Savage Divide	Monongah Mine [LCTN:005A4E33]
Event: Beasts of Burden	Cranberry Bog	Sacramental Glade [LCTN:000616AB]
Event: Campfire Tales	Forest	Camp Adams
Event: Dangerous Pastimes	Skyline Valley	Thunder Mountain Substation TM-03
Event: Distinguished Guests	Forest	Bolton Greens
Event: Dogwood Die Off	Toxic Valley	Graninger Farm
Event: Encryptid	Ash Heap	Pylon Ambush Site
Event: Eviction Notice	Savage Divide	Foundation Outpost
Event: Fasnacht Day	Forest	Helvetia
Event: Feed the People	Forest	Mama Dolce's Food Processing Plant
Event: Free Range	Savage Divide	Big Fred's BBQ Shack > Beckwith Farm
Event: Free Range	Forest	Groves family cabin > Aaronholt Homestead
Event: Free Range	The Mire	Southern Belle Motel > Delano Grange
Event: Gearin' Up	Burning Springs	Jackson Junkyard
Event: Grahm's Meat-Cook	Forest	Vault 76
Event: Guided Meditation	Savage Divide	Palace of the Winding Path
Event: Heart of the Swamp	The Mire	Abandoned Waste Dump
Event: Heart of the Swamp	The Mire	Crashed Plane
Event: Heart of the Swamp	The Mire	Ella Ames' Bunker
Event: Invaders From Beyond	Forest	Charleston Capitol Building
Event: Invaders From Beyond	The Mire	Dyer Chemical
Event: Invaders From Beyond	Ash Heap	Garrahan Mining HQ
Event: Invaders From Beyond	Savage Divide	Monongah
Event: Invaders From Beyond	Cranberry Bog	Sparse sundew grove
Event: Invaders From Beyond	Toxic Valley	Wavy Willard's Water Park
Event: Jail Break	Toxic Valley	Eastern Regional Penitentiary [LCTN:000158E5]
Event: Line in the Sand	Cranberry Bog	Fort Defiance
Event: Lode Baring	Ash Heap	Abandoned mine shaft Elaine
Event: Lode Baring	Ash Heap	Abandoned mine site Kittery
Event: Mischief Night	Skyline Valley	Rapidan Camp
Event: Moonshine Jamboree	The Mire	Sunday Brothers' Cabin
Event: Most Wanted	Ash Heap	Nuka-World On Tour [LCTN:00674C7E]
Event: Neurological Warfare	Skyline Valley	Hawksbill Weather Station
Event: One Violent Night	Savage Divide	
Event: Primal Cuts	Ash Heap	
Event: Primal Cuts	Forest	
Event: Primal Cuts	Toxic Valley	
Event: Primal Cuts	Savage Divide	
Event: Primal Cuts	The Mire	
Event: Primal Cuts	Cranberry Bog	
Event: Project Paradise	Forest	Arktos Pharma
Event: Radiation Rumble	Savage Divide	Emmett Mountain Disposal Site
Event: Safe and Sound	Savage Divide	Middle Mountain Pitstop [LCTN:002955D1]
Event: Scorched Earth	Cranberry Bog	Fissure Site Prime
Event: Seismic Activity	Ash Heap	Nuka-World On Tour [LCTN:00674C7E]
Event: Sinkhole Solutions	Burning Springs	Tycoon Lake [LCTN:0080BFF1]
Event: Spin The Wheel	Ash Heap	Nuka-World On Tour [LCTN:00674C7E]
Event: Swarm of Suitors	Toxic Valley	Pioneer Scout Camp
Event: Tea Time	Forest	The Giant Teapot
Event: Test Your Metal	Savage Divide	Metal Dome
Event: The Big Bloom	Skyline Valley	Susan's Cabin
Event: The Mothman Equinox	Forest	Point Pleasant
Event: The Path to Enlightenment	Savage Divide	Landview Lighthouse
Event: Tunnel Of Love	Ash Heap	Nuka-World On Tour [LCTN:00674C7E]
Event: Uranium Fever	Savage Divide	Blackwater Mine
