FormID	EDID	FULL	KeywordCount	KW1	KW2	KW3	KW4	KW5	FISP	FIDS	FIES	FIHS	FILS	FIHD	FILD	FIJS	FIHJ	FILJ	FILA	FIHA	FIRI	FIEX	FISD	FISU	ReferencedByCount	Ref1	Ref2	Ref3	Ref4	Ref5	Ref6
007B2819	Fishing_Fish_Junk_Common01		1	007ABE8B:Fishing_FishSize_Small:KYWD					0.300000	0.150000	0.150000	0	0	0.000000	0.000000	0.000000	0.000000	0.000000	40.000000	40.000000	BaseballGlove "Baseball Glove" [MISC:00059A77]			UIFishCaughtJunk [SNDR:0084408A]	2	007B233B:FishingAllFishList:FLST	00829631:Fishing_LLS_Junk_Common:LVLI				
007B926C	Fishing_Fish_Junk_Common02		1	007ABE8B:Fishing_FishSize_Small:KYWD					0.300000	0.150000	0.150000	0	0	0.000000	0.000000	0.000000	0.000000	0.000000	40.000000	40.000000	Handcuffs "Handcuffs" [MISC:00059B3F]			UIFishCaughtJunk [SNDR:0084408A]	2	007B233B:FishingAllFishList:FLST	00829631:Fishing_LLS_Junk_Common:LVLI				
007B926D	Fishing_Fish_Junk_Common05		1	007ABE8B:Fishing_FishSize_Small:KYWD					0.300000	0.150000	0.150000	0	0	0.000000	0.000000	0.000000	0.000000	0.000000	40.000000	40.000000	Toothbrush "Toothbrush" [MISC:00060ECE]			UIFishCaughtJunk [SNDR:0084408A]	2	007B233B:FishingAllFishList:FLST	00829631:Fishing_LLS_Junk_Common:LVLI				
007B926E	Fishing_Fish_Junk_Common04		1	007ABE8B:Fishing_FishSize_Small:KYWD					0.300000	0.150000	0.150000	0	0	0.000000	0.000000	0.000000	0.000000	0.000000	40.000000	40.000000	Dirty_Pillow02 "Dirty Pillow" [MISC:00389EBB]			UIFishCaughtJunk [SNDR:0084408A]	2	007B233B:FishingAllFishList:FLST	00829631:Fishing_LLS_Junk_Common:LVLI				
007B926B	Fishing_Fish_Junk_Common03		1	007ABE8B:Fishing_FishSize_Small:KYWD					0.300000	0.150000	0.150000	0	0	0.000000	0.000000	0.000000	0.000000	0.000000	40.000000	40.000000	Doll_head "Doll Head" [MISC:0000A1F9]			UIFishCaughtJunk [SNDR:0084408A]	2	007B233B:FishingAllFishList:FLST	00829631:Fishing_LLS_Junk_Common:LVLI				
007CE512	Fishing_Fish_Small_Universal_Mire_MuddySawgill		4	007ABE8A:ObjectTypeFish:KYWD	007ABE8B:Fishing_FishSize_Small:KYWD	007BC5EC:Fishing_FishType_Mire:KYWD	007FE7BD:Fishing_FishType_Sawgill:KYWD		0.350000	0.180000	0.320000	3	3	2.000000	1.300000	80.000000	60.000000	35.000000	50.000000	80.000000	Fishing_Fish_Meal_Small_Raw_Universal_Mire_MuddySawgill "Muddy Sawgill" [ALCH:007CE4E7]		FX_NPCHumanFishingCommonSplashSoundOverride [SNDR:00844089]	UIFishCaughtFanfareCommon [SNDR:0084408B]	3	007B233B:FishingAllFishList:FLST	007D49A5:Fishing_LLS_FishCollection_Mire_Common:LVLI	008D476A:Fishing_LLS_FishCollection_AllSawgills:LVLI			
007CE513	Fishing_Fish_Medium_Generic_RidgeTrout		3	007ABE88:Fishing_FishSize_Medium:KYWD	007ABE8A:ObjectTypeFish:KYWD	007BC5E9:Fishing_FishType_Generic:KYWD			0.300000	0.160000	0.300000	3	3	2.500000	1.800000	85.000000	90.000000	50.000000	50.000000	75.000000	Fishing_Fish_Meal_Medium_Raw_Generic_RidgeTrout "Ridge Trout" [ALCH:007CE4E8]		FX_NPCHumanFishingCommonSplashSoundOverride [SNDR:00844089]	UIFishCaughtFanfareCommon [SNDR:0084408B]	3	007B233B:FishingAllFishList:FLST	008047B6:Fishing_LLS_FishCollection_Generic_Medium:LVLI	008B3AD8:Fishing_LLS_FishCollection_SeasonalFish_Uncommon:LVLI			
007CE514	Fishing_Fish_Small_Savage_Leatherback		3	007ABE8A:ObjectTypeFish:KYWD	007ABE8B:Fishing_FishSize_Small:KYWD	007BC5ED:Fishing_FishType_SavageDivide:KYWD			0.350000	0.180000	0.320000	5	4	1.750000	1.250000	95.000000	85.000000	50.000000	50.000000	105.000000	Fishing_Fish_Meal_Small_Raw_Savage_Leatherback "Leatherback" [ALCH:007CE4D5]		FX_NPCHumanFishingCommonSplashSoundOverride [SNDR:00844089]	UIFishCaughtFanfareCommon [SNDR:0084408B]	2	007B233B:FishingAllFishList:FLST	007D49AA:Fishing_LLS_FishCollection_SavageDivide_Uncommon:LVLI				
007CE515	Fishing_Fish_Small_Universal_Savage_AlpineSawgill		4	007ABE8A:ObjectTypeFish:KYWD	007ABE8B:Fishing_FishSize_Small:KYWD	007BC5ED:Fishing_FishType_SavageDivide:KYWD	007FE7BD:Fishing_FishType_Sawgill:KYWD		0.350000	0.180000	0.320000	3	3	2.000000	1.300000	80.000000	60.000000	35.000000	50.000000	80.000000	Fishing_Fish_Meal_Small_Raw_Universal_Savage_AlpineSawgill "Alpine Sawgill" [ALCH:007CE4DC]		FX_NPCHumanFishingCommonSplashSoundOverride [SNDR:00844089]	UIFishCaughtFanfareCommon [SNDR:0084408B]	3	007B233B:FishingAllFishList:FLST	007D49A8:Fishing_LLS_FishCollection_SavageDivide_Common:LVLI	008D476A:Fishing_LLS_FishCollection_AllSawgills:LVLI			
007CE516	Fishing_Fish_Medium_Skyline_BluefinZapper		3	007ABE88:Fishing_FishSize_Medium:KYWD	007ABE8A:ObjectTypeFish:KYWD	007BC5E8:Fishing_FishType_SkylineValley:KYWD			0.300000	0.150000	0.400000	5	4	2.000000	1.500000	100.000000	85.000000	50.000000	65.000000	110.000000	Fishing_Fish_Meal_Medium_Raw_Skyline_BluefinZapper "Bluefin Zapper" [ALCH:007CE4D1]		FX_NPCHumanFishingCommonSplashSoundOverride [SNDR:00844089]	UIFishCaughtFanfareCommon [SNDR:0084408B]	2	007B233B:FishingAllFishList:FLST	007D49B1:Fishing_LLS_FishCollection_Skyline_Uncommon:LVLI				
007CE517	Fishing_Fish_Large_Toxic_PurpleRadpole		3	007ABE89:Fishing_FishSize_Large:KYWD	007ABE8A:ObjectTypeFish:KYWD	007BC5EE:Fishing_FishType_ToxicValley:KYWD			0.350000	0.100000	0.450000	6	5	2.500000	1.800000	125.000000	105.000000	60.000000	75.000000	135.000000	Fishing_Fish_Meal_Large_Raw_Toxic_PurpleRadpole "Purple Radpole" [ALCH:007CE4DD]		FX_NPCHumanFishingCommonSplashSoundOverride [SNDR:00844089]	UIFishCaughtFanfareCommon [SNDR:0084408B]	2	007B233B:FishingAllFishList:FLST	007D49B4:Fishing_LLS_FishCollection_Toxic_Uncommon:LVLI				
007CE518	Fishing_Fish_Small_Universal_Skyline_StaticSawgill		4	007ABE8A:ObjectTypeFish:KYWD	007ABE8B:Fishing_FishSize_Small:KYWD	007BC5E8:Fishing_FishType_SkylineValley:KYWD	007FE7BD:Fishing_FishType_Sawgill:KYWD		0.350000	0.180000	0.320000	3	3	2.000000	1.300000	80.000000	60.000000	35.000000	50.000000	80.000000	Fishing_Fish_Meal_Small_Raw_Universal_Skyline_StaticSawgill "Static Sawgill" [ALCH:007CE4DE]		FX_NPCHumanFishingCommonSplashSoundOverride [SNDR:00844089]	UIFishCaughtFanfareCommon [SNDR:0084408B]	3	007B233B:FishingAllFishList:FLST	007D49AF:Fishing_LLS_FishCollection_Skyline_Common:LVLI	008D476A:Fishing_LLS_FishCollection_AllSawgills:LVLI			
007CE519	Fishing_Fish_Small_Universal_Toxic_NoxiousSawgill		4	007ABE8A:ObjectTypeFish:KYWD	007ABE8B:Fishing_FishSize_Small:KYWD	007BC5EE:Fishing_FishType_ToxicValley:KYWD	007FE7BD:Fishing_FishType_Sawgill:KYWD		0.350000	0.180000	0.320000	3	3	2.000000	1.300000	80.000000	60.000000	35.000000	50.000000	80.000000	Fishing_Fish_Meal_Small_Raw_Universal_Toxic_NoxiousSawgill "Noxious Sawgill" [ALCH:007CE4E3]		FX_NPCHumanFishingCommonSplashSoundOverride [SNDR:00844089]	UIFishCaughtFanfareCommon [SNDR:0084408B]	3	007B233B:FishingAllFishList:FLST	007D49B2:Fishing_LLS_FishCollection_Toxic_Common:LVLI	008D476A:Fishing_LLS_FishCollection_AllSawgills:LVLI			
007CE51A	Fishing_Fish_Small_Universal_Ash_SootySawgill		4	007ABE8A:ObjectTypeFish:KYWD	007ABE8B:Fishing_FishSize_Small:KYWD	007BC5EA:Fishing_FishType_AshHeap:KYWD	007FE7BD:Fishing_FishType_Sawgill:KYWD		0.350000	0.180000	0.320000	3	3	2.000000	1.300000	80.000000	60.000000	35.000000	50.000000	80.000000	Fishing_Fish_Meal_Small_Raw_Universal_Ash_SootySawgill "Sooty Sawgill" [ALCH:007CE4D0]		FX_NPCHumanFishingCommonSplashSoundOverride [SNDR:00844089]	UIFishCaughtFanfareCommon [SNDR:0084408B]	3	007B233B:FishingAllFishList:FLST	007D4999:Fishing_LLS_FishCollection_Ash_Common:LVLI	008D476A:Fishing_LLS_FishCollection_AllSawgills:LVLI			
007CE51B	Fishing_Fish_Small_Cranberry_Blisterfish		3	007ABE8A:ObjectTypeFish:KYWD	007ABE8B:Fishing_FishSize_Small:KYWD	007BC5E6:Fishing_FishType_CranberryBog:KYWD			0.350000	0.180000	0.320000	5	4	1.750000	1.250000	95.000000	85.000000	50.000000	50.000000	105.000000	Fishing_Fish_Meal_Small_Raw_Cranberry_Blisterfish "Blisterfish" [ALCH:007CE4DF]		FX_NPCHumanFishingCommonSplashSoundOverride [SNDR:00844089]	UIFishCaughtFanfareCommon [SNDR:0084408B]	2	007B233B:FishingAllFishList:FLST	007D49A2:Fishing_LLS_FishCollection_Cranberry_Uncommon:LVLI				
007CE51C	Fishing_Fish_Medium_Ash_AshenAmbusher		3	007ABE88:Fishing_FishSize_Medium:KYWD	007ABE8A:ObjectTypeFish:KYWD	007BC5EA:Fishing_FishType_AshHeap:KYWD			0.300000	0.150000	0.400000	5	4	2.000000	1.500000	100.000000	85.000000	50.000000	65.000000	110.000000	Fishing_Fish_Meal_Medium_Raw_Ash_AshenAmbusher "Ashen Ambusher" [ALCH:007CE4E5]		FX_NPCHumanFishingCommonSplashSoundOverride [SNDR:00844089]	UIFishCaughtFanfareCommon [SNDR:0084408B]	2	007B233B:FishingAllFishList:FLST	007D499B:Fishing_LLS_FishCollection_Ash_Uncommon:LVLI				
007CE529	Fishing_Fish_Medium_Generic_ChainPickerel		3	007ABE88:Fishing_FishSize_Medium:KYWD	007ABE8A:ObjectTypeFish:KYWD	007BC5E9:Fishing_FishType_Generic:KYWD			0.300000	0.160000	0.300000	3	3	2.500000	1.800000	85.000000	90.000000	50.000000	50.000000	75.000000	Fishing_Fish_Meal_Medium_Raw_Generic_ChainPickerel "Chain Pickerel" [ALCH:007CE4DB]		FX_NPCHumanFishingCommonSplashSoundOverride [SNDR:00844089]	UIFishCaughtFanfareCommon [SNDR:0084408B]	2	007B233B:FishingAllFishList:FLST	008047B6:Fishing_LLS_FishCollection_Generic_Medium:LVLI				
007CE51D	Fishing_Fish_Large_Glowing_Savage_GlowingSpinefish		4	007ABE89:Fishing_FishSize_Large:KYWD	007ABE8A:ObjectTypeFish:KYWD	007BC5EB:Fishing_FishType_Glowing:KYWD	007BC5ED:Fishing_FishType_SavageDivide:KYWD		0.350000	0.100000	0.450000	6	5	2.500000	1.800000	125.000000	105.000000	60.000000	75.000000	135.000000	Fishing_Fish_Meal_Large_Glowing_Raw_Savage_GlowingSpineFish "Glowing Spinefish" [ALCH:007CE4E4]	WaterSplash_ExtraLarge_Glowing [EXPL:007B7679]	FX_NPCHumanFishingLegendarySplashSoundOverride [SNDR:0083B0CF]	UIFishCaughtFanfareLegendary [SNDR:0083F304]	2	007B233B:FishingAllFishList:FLST	007D49A9:Fishing_LLS_FishCollection_SavageDivide_Glowing:LVLI				
007CE51E	Fishing_Fish_Large_Glowing_Mire_GlowingGulpy		4	007ABE89:Fishing_FishSize_Large:KYWD	007ABE8A:ObjectTypeFish:KYWD	007BC5EB:Fishing_FishType_Glowing:KYWD	007BC5EC:Fishing_FishType_Mire:KYWD		0.350000	0.100000	0.450000	6	5	2.500000	1.800000	125.000000	105.000000	60.000000	75.000000	135.000000	Fishing_Fish_Meal_Large_Glowing_Raw_Mire_GlowingGulpy "Glowing Gulpy" [ALCH:007CE4D7]	WaterSplash_ExtraLarge_Glowing [EXPL:007B7679]	FX_NPCHumanFishingLegendarySplashSoundOverride [SNDR:0083B0CF]	UIFishCaughtFanfareLegendary [SNDR:0083F304]	2	007B233B:FishingAllFishList:FLST	007D49A6:Fishing_LLS_FishCollection_Mire_Glowing:LVLI				
007CE51F	Fishing_Fish_Small_Universal_Cranberry_BogSawgill		4	007ABE8A:ObjectTypeFish:KYWD	007ABE8B:Fishing_FishSize_Small:KYWD	007BC5E6:Fishing_FishType_CranberryBog:KYWD	007FE7BD:Fishing_FishType_Sawgill:KYWD		0.350000	0.180000	0.320000	3	3	2.000000	1.300000	80.000000	60.000000	35.000000	50.000000	80.000000	Fishing_Fish_Meal_Small_Raw_Universal_Cranberry_BogSawgill "Bog Sawgill" [ALCH:007CE4DA]		FX_NPCHumanFishingCommonSplashSoundOverride [SNDR:00844089]	UIFishCaughtFanfareCommon [SNDR:0084408B]	3	007B233B:FishingAllFishList:FLST	007D49A0:Fishing_LLS_FishCollection_Cranberry_Common:LVLI	008D476A:Fishing_LLS_FishCollection_AllSawgills:LVLI			
007CE520	Fishing_Fish_Small_Forest_KanawhaPiranha		3	007ABE8A:ObjectTypeFish:KYWD	007ABE8B:Fishing_FishSize_Small:KYWD	007BC5E7:Fishing_FishType_Forest:KYWD			0.350000	0.180000	0.320000	5	4	1.750000	1.250000	95.000000	85.000000	50.000000	50.000000	105.000000	Fishing_Fish_Meal_Small_Raw_Forest_KanawhaPiranha "Kanawha Piranha" [ALCH:007CE4D4]		FX_NPCHumanFishingCommonSplashSoundOverride [SNDR:00844089]	UIFishCaughtFanfareCommon [SNDR:0084408B]	2	007B233B:FishingAllFishList:FLST	007D4991:Fishing_LLS_FishCollection_Forest_Uncommon:LVLI				
007CE521	Fishing_Fish_Medium_Glowing_Ash_GlowingAmbusher		4	007ABE88:Fishing_FishSize_Medium:KYWD	007ABE8A:ObjectTypeFish:KYWD	007BC5EA:Fishing_FishType_AshHeap:KYWD	007BC5EB:Fishing_FishType_Glowing:KYWD		0.300000	0.150000	0.400000	5	4	2.000000	1.500000	100.000000	85.000000	50.000000	65.000000	110.000000	Fishing_Fish_Meal_Medium_Glowing_Raw_Ash_GlowingAmbusher "Glowing Ambusher" [ALCH:007CE4E2]	WaterSplash_ExtraLarge_Glowing [EXPL:007B7679]	FX_NPCHumanFishingLegendarySplashSoundOverride [SNDR:0083B0CF]	UIFishCaughtFanfareLegendary [SNDR:0083F304]	2	007B233B:FishingAllFishList:FLST	007D499A:Fishing_LLS_FishCollection_Ash_Glowing:LVLI				
007CE522	Fishing_Fish_Small_Glowing_Forest_GlowingKanawhaPiranha		4	007ABE8A:ObjectTypeFish:KYWD	007ABE8B:Fishing_FishSize_Small:KYWD	007BC5E7:Fishing_FishType_Forest:KYWD	007BC5EB:Fishing_FishType_Glowing:KYWD		0.350000	0.180000	0.320000	5	4	1.750000	1.250000	95.000000	85.000000	50.000000	50.000000	105.000000	Fishing_Fish_Meal_Small_Glowing_Raw_Forest_GlowingKanawhaPiranha "Glowing Kanawha Piranha" [ALCH:007CE4E1]	WaterSplash_ExtraLarge_Glowing [EXPL:007B7679]	FX_NPCHumanFishingLegendarySplashSoundOverride [SNDR:0083B0CF]	UIFishCaughtFanfareLegendary [SNDR:0083F304]	2	007B233B:FishingAllFishList:FLST	007D4990:Fishing_LLS_FishCollection_Forest_Glowing:LVLI				
007CE523	Fishing_Fish_Small_Universal_Forest_TimberSawgill		4	007ABE8A:ObjectTypeFish:KYWD	007ABE8B:Fishing_FishSize_Small:KYWD	007BC5E7:Fishing_FishType_Forest:KYWD	007FE7BD:Fishing_FishType_Sawgill:KYWD		0.350000	0.180000	0.320000	3	3	2.000000	1.300000	80.000000	60.000000	35.000000	50.000000	80.000000	Fishing_Fish_Meal_Small_Raw_Universal_Forest_TimberSawgill "Timber Sawgill" [ALCH:007CE4ED]		FX_NPCHumanFishingCommonSplashSoundOverride [SNDR:00844089]	UIFishCaughtFanfareCommon [SNDR:0084408B]	3	007B233B:FishingAllFishList:FLST	007D4993:Fishing_LLS_FishCollection_Forest_Common:LVLI	008D476A:Fishing_LLS_FishCollection_AllSawgills:LVLI			
007CE524	Fishing_Fish_Medium_Generic_SmokySalmon		3	007ABE88:Fishing_FishSize_Medium:KYWD	007ABE8A:ObjectTypeFish:KYWD	007BC5E9:Fishing_FishType_Generic:KYWD			0.300000	0.160000	0.300000	3	3	2.500000	1.800000	85.000000	90.000000	50.000000	50.000000	75.000000	Fishing_Fish_Meal_Medium_Raw_Generic_SmokySalmon "Smoky Salmon" [ALCH:007CE4E0]		FX_NPCHumanFishingCommonSplashSoundOverride [SNDR:00844089]	UIFishCaughtFanfareCommon [SNDR:0084408B]	2	007B233B:FishingAllFishList:FLST	008047B6:Fishing_LLS_FishCollection_Generic_Medium:LVLI				
007CE526	Fishing_Fish_Medium_Generic_Walleye		3	007ABE88:Fishing_FishSize_Medium:KYWD	007ABE8A:ObjectTypeFish:KYWD	007BC5E9:Fishing_FishType_Generic:KYWD			0.300000	0.160000	0.300000	3	3	2.500000	1.800000	85.000000	90.000000	50.000000	50.000000	75.000000	Fishing_Fish_Meal_Medium_Raw_Generic_Walleye "Walleye" [ALCH:007CE4EA]		FX_NPCHumanFishingCommonSplashSoundOverride [SNDR:00844089]	UIFishCaughtFanfareCommon [SNDR:0084408B]	2	007B233B:FishingAllFishList:FLST	008047B6:Fishing_LLS_FishCollection_Generic_Medium:LVLI				
007CE527	Fishing_Fish_Large_Mire_Gulpy		3	007ABE89:Fishing_FishSize_Large:KYWD	007ABE8A:ObjectTypeFish:KYWD	007BC5EC:Fishing_FishType_Mire:KYWD			0.350000	0.100000	0.450000	6	5	2.500000	1.800000	125.000000	105.000000	60.000000	75.000000	135.000000	Fishing_Fish_Meal_Large_Raw_Mire_Gulpy "Gulpy" [ALCH:007CE4EC]		FX_NPCHumanFishingCommonSplashSoundOverride [SNDR:00844089]	UIFishCaughtFanfareCommon [SNDR:0084408B]	2	007B233B:FishingAllFishList:FLST	007D49A7:Fishing_LLS_FishCollection_Mire_Uncommon:LVLI				
007CE528	Fishing_Fish_Small_Generic_Sunscream		3	007ABE8A:ObjectTypeFish:KYWD	007ABE8B:Fishing_FishSize_Small:KYWD	007BC5E9:Fishing_FishType_Generic:KYWD			0.300000	0.300000	0.150000	1	1	2.500000	1.800000	65.000000	60.000000	30.000000	45.000000	50.000000	Fishing_Fish_Meal_Small_Raw_Generic_Sunscream "Sunscream" [ALCH:007CE4D9]		FX_NPCHumanFishingCommonSplashSoundOverride [SNDR:00844089]	UIFishCaughtFanfareCommon [SNDR:0084408B]	3	007B233B:FishingAllFishList:FLST	007BB9FF:Fishing_LL_MQ01_Casting_QuestFish:LVLI	008047B3:Fishing_LLS_FishCollection_Generic_Small:LVLI			
007CE50C	Fishing_Fish_Small_Generic_Redbelly		3	007ABE8A:ObjectTypeFish:KYWD	007ABE8B:Fishing_FishSize_Small:KYWD	007BC5E9:Fishing_FishType_Generic:KYWD			0.300000	0.300000	0.150000	1	1	2.500000	1.800000	65.000000	60.000000	30.000000	45.000000	50.000000	Fishing_Fish_Meal_Small_Raw_Generic_Redbelly "Redbelly" [ALCH:007CE4E9]		FX_NPCHumanFishingCommonSplashSoundOverride [SNDR:00844089]	UIFishCaughtFanfareCommon [SNDR:0084408B]	3	007B233B:FishingAllFishList:FLST	007BB9FF:Fishing_LL_MQ01_Casting_QuestFish:LVLI	008047B3:Fishing_LLS_FishCollection_Generic_Small:LVLI			
007CE50D	Fishing_Fish_Medium_Generic_YellowBullhead		3	007ABE88:Fishing_FishSize_Medium:KYWD	007ABE8A:ObjectTypeFish:KYWD	007BC5E9:Fishing_FishType_Generic:KYWD			0.300000	0.160000	0.300000	3	3	2.500000	1.800000	85.000000	90.000000	50.000000	50.000000	75.000000	Fishing_Fish_Meal_Medium_Raw_Generic_YellowBullhead "Yellow Bullhead" [ALCH:007CE4EB]		FX_NPCHumanFishingCommonSplashSoundOverride [SNDR:00844089]	UIFishCaughtFanfareCommon [SNDR:0084408B]	2	007B233B:FishingAllFishList:FLST	008047B6:Fishing_LLS_FishCollection_Generic_Medium:LVLI				
007CE50E	Fishing_Fish_Large_Toxic_PotbellyKelt		3	007ABE89:Fishing_FishSize_Large:KYWD	007ABE8A:ObjectTypeFish:KYWD	007BC5EE:Fishing_FishType_ToxicValley:KYWD			0.350000	0.100000	0.450000	6	5	2.500000	1.800000	125.000000	105.000000	60.000000	75.000000	135.000000	Fishing_Fish_Meal_Large_Raw_Toxic_PotbellyKelt "Potbelly Kelt" [ALCH:007CE4D2]		FX_NPCHumanFishingCommonSplashSoundOverride [SNDR:00844089]	UIFishCaughtFanfareCommon [SNDR:0084408B]	2	007B233B:FishingAllFishList:FLST	007D49B4:Fishing_LLS_FishCollection_Toxic_Uncommon:LVLI				
007CE50F	Fishing_Fish_Large_Savage_ArmoredSpinefish		3	007ABE89:Fishing_FishSize_Large:KYWD	007ABE8A:ObjectTypeFish:KYWD	007BC5ED:Fishing_FishType_SavageDivide:KYWD			0.350000	0.100000	0.450000	6	5	2.500000	1.800000	125.000000	105.000000	60.000000	75.000000	135.000000	Fishing_Fish_Meal_Large_Raw_Savage_ArmoredSpinefish "Armored Spinefish" [ALCH:007CE4E6]		FX_NPCHumanFishingCommonSplashSoundOverride [SNDR:00844089]	UIFishCaughtFanfareCommon [SNDR:0084408B]	2	007B233B:FishingAllFishList:FLST	007D49AA:Fishing_LLS_FishCollection_SavageDivide_Uncommon:LVLI				
007CE510	Fishing_Fish_Small_Generic_BrookSilverside		3	007ABE8A:ObjectTypeFish:KYWD	007ABE8B:Fishing_FishSize_Small:KYWD	007BC5E9:Fishing_FishType_Generic:KYWD			0.300000	0.300000	0.150000	1	1	2.500000	1.800000	65.000000	60.000000	30.000000	45.000000	50.000000	Fishing_Fish_Meal_Small_Raw_Generic_BrookSilverside "Brook Silverside" [ALCH:007CE4D3]		FX_NPCHumanFishingCommonSplashSoundOverride [SNDR:00844089]	UIFishCaughtFanfareCommon [SNDR:0084408B]	4	007B233B:FishingAllFishList:FLST	007BB9FF:Fishing_LL_MQ01_Casting_QuestFish:LVLI	007BCC72:FishingFallbackFish_DO:DFOB	008047B3:Fishing_LLS_FishCollection_Generic_Small:LVLI		
007CE511	Fishing_Fish_Large_Skyline_Stormswimmer		3	007ABE89:Fishing_FishSize_Large:KYWD	007ABE8A:ObjectTypeFish:KYWD	007BC5E8:Fishing_FishType_SkylineValley:KYWD			0.350000	0.100000	0.450000	6	5	2.500000	1.800000	125.000000	105.000000	60.000000	75.000000	135.000000	Fishing_Fish_Meal_Large_Raw_Skyline_Stormswimmer "Stormswimmer" [ALCH:007CE4D6]		FX_NPCHumanFishingCommonSplashSoundOverride [SNDR:00844089]	UIFishCaughtFanfareCommon [SNDR:0084408B]	2	007B233B:FishingAllFishList:FLST	007D49B1:Fishing_LLS_FishCollection_Skyline_Uncommon:LVLI				
007D2AFE	Fishing_Fish_Large_Glowing_Skyline_GlowingStormswimmer		4	007ABE89:Fishing_FishSize_Large:KYWD	007ABE8A:ObjectTypeFish:KYWD	007BC5E8:Fishing_FishType_SkylineValley:KYWD	007BC5EB:Fishing_FishType_Glowing:KYWD		0.350000	0.100000	0.450000	6	5	2.500000	1.800000	125.000000	105.000000	60.000000	75.000000	135.000000	Fishing_Fish_Meal_Large_Glowing_Raw_Skyline_GlowingStormswimmer "Glowing Stormswimmer" [ALCH:007D2AEF]	WaterSplash_ExtraLarge_Glowing [EXPL:007B7679]	FX_NPCHumanFishingLegendarySplashSoundOverride [SNDR:0083B0CF]	UIFishCaughtFanfareLegendary [SNDR:0083F304]	2	007B233B:FishingAllFishList:FLST	007D49B0:Fishing_LLS_FishCollection_Skyline_Glowing:LVLI				
007D2AFF	Fishing_Fish_Large_Ash_Deathjaw		3	007ABE89:Fishing_FishSize_Large:KYWD	007ABE8A:ObjectTypeFish:KYWD	007BC5EA:Fishing_FishType_AshHeap:KYWD			0.350000	0.100000	0.450000	6	5	2.500000	1.800000	125.000000	105.000000	60.000000	75.000000	135.000000	Fishing_Fish_Meal_Large_Raw_Ash_Deathjaw "Deathjaw" [ALCH:007D2AF0]		FX_NPCHumanFishingCommonSplashSoundOverride [SNDR:00844089]	UIFishCaughtFanfareCommon [SNDR:0084408B]	2	007B233B:FishingAllFishList:FLST	007D499B:Fishing_LLS_FishCollection_Ash_Uncommon:LVLI				
007D2B00	Fishing_Fish_Large_Forest_Bloodwhisker		3	007ABE89:Fishing_FishSize_Large:KYWD	007ABE8A:ObjectTypeFish:KYWD	007BC5E7:Fishing_FishType_Forest:KYWD			0.350000	0.100000	0.450000	6	5	2.500000	1.800000	125.000000	105.000000	60.000000	75.000000	135.000000	Fishing_Fish_Meal_Large_Raw_Forest_Bloodwhisker "Bloodwhisker" [ALCH:007D2AF3]		FX_NPCHumanFishingCommonSplashSoundOverride [SNDR:00844089]	UIFishCaughtFanfareCommon [SNDR:0084408B]	2	007B233B:FishingAllFishList:FLST	007D4991:Fishing_LLS_FishCollection_Forest_Uncommon:LVLI				
007D2B01	Fishing_Fish_Large_Glowing_Toxic_GlowingPotbellyKelt		4	007ABE89:Fishing_FishSize_Large:KYWD	007ABE8A:ObjectTypeFish:KYWD	007BC5EB:Fishing_FishType_Glowing:KYWD	007BC5EE:Fishing_FishType_ToxicValley:KYWD		0.350000	0.100000	0.450000	6	5	2.500000	1.800000	125.000000	105.000000	60.000000	75.000000	135.000000	Fishing_Fish_Meal_Large_Glowing_Raw_Toxic_GlowingPotbellyKelt "Glowing Potbelly Kelt" [ALCH:007D2AF2]	WaterSplash_ExtraLarge_Glowing [EXPL:007B7679]	FX_NPCHumanFishingLegendarySplashSoundOverride [SNDR:0083B0CF]	UIFishCaughtFanfareLegendary [SNDR:0083F304]	2	007B233B:FishingAllFishList:FLST	007D49B3:Fishing_LLS_FishCollection_Toxic_Glowing:LVLI				
007D2B02	Fishing_Fish_Medium_Cranberry_BogLurker		3	007ABE88:Fishing_FishSize_Medium:KYWD	007ABE8A:ObjectTypeFish:KYWD	007BC5E6:Fishing_FishType_CranberryBog:KYWD			0.300000	0.150000	0.400000	5	4	2.000000	1.500000	100.000000	85.000000	50.000000	65.000000	110.000000	Fishing_Fish_Meal_Medium_Raw_Cranberry_BogLurker "Bog Lurker" [ALCH:007D2AF4]		FX_NPCHumanFishingCommonSplashSoundOverride [SNDR:00844089]	UIFishCaughtFanfareCommon [SNDR:0084408B]	2	007B233B:FishingAllFishList:FLST	007D49A2:Fishing_LLS_FishCollection_Cranberry_Uncommon:LVLI				
007D2B03	Fishing_Fish_Medium_Glowing_Cranberry_GlowingBogLurker		4	007ABE88:Fishing_FishSize_Medium:KYWD	007ABE8A:ObjectTypeFish:KYWD	007BC5E6:Fishing_FishType_CranberryBog:KYWD	007BC5EB:Fishing_FishType_Glowing:KYWD		0.300000	0.150000	0.400000	5	4	2.000000	1.500000	100.000000	85.000000	50.000000	65.000000	110.000000	Fishing_Fish_Meal_Medium_Glowing_Raw_Cranberry_GlowingBogLurker "Glowing Bog Lurker" [ALCH:007D2AF5]	WaterSplash_ExtraLarge_Glowing [EXPL:007B7679]	FX_NPCHumanFishingLegendarySplashSoundOverride [SNDR:0083B0CF]	UIFishCaughtFanfareLegendary [SNDR:0083F304]	2	007B233B:FishingAllFishList:FLST	007D49A1:Fishing_LLS_FishCollection_Cranberry_Glowing:LVLI				
007D2B04	Fishing_Fish_Small_Mire_Spikesnapper		3	007ABE8A:ObjectTypeFish:KYWD	007ABE8B:Fishing_FishSize_Small:KYWD	007BC5EC:Fishing_FishType_Mire:KYWD			0.350000	0.180000	0.320000	5	4	1.750000	1.250000	95.000000	85.000000	50.000000	50.000000	105.000000	Fishing_Fish_Meal_Small_Raw_Mire_Spikesnapper "Spikesnapper" [ALCH:007D2AF1]		FX_NPCHumanFishingCommonSplashSoundOverride [SNDR:00844089]	UIFishCaughtFanfareCommon [SNDR:0084408B]	2	007B233B:FishingAllFishList:FLST	007D49A7:Fishing_LLS_FishCollection_Mire_Uncommon:LVLI				
0080070E	Fishing_Fish_Small_Axolotl04_DottedAxolotl		3	007ABE8A:ObjectTypeFish:KYWD	007ABE8B:Fishing_FishSize_Small:KYWD	00800713:Fishing_FishType_Axolotl:KYWD			0.300000	0.150000	0.400000	5	4	2.000000	1.500000	100.000000	85.000000	50.000000	65.000000	110.000000	Fishing_Fish_Meal_Small_Raw_Axolotl04_DottedAxolotl "Dotted Axolotl" [ALCH:008006D9]	WaterSplash_ExtraLarge_Glowing [EXPL:007B7679]	FX_NPCHumanFishingLegendarySplashSoundOverride [SNDR:0083B0CF]	UIFishCaughtFanfareLegendary [SNDR:0083F304]	2	007B233B:FishingAllFishList:FLST	00800714:Fishing_LLS_FishCollection_Axolotls:LVLI				
0080070F	Fishing_Fish_Small_Axolotl10_SpottedAxolotl		3	007ABE8A:ObjectTypeFish:KYWD	007ABE8B:Fishing_FishSize_Small:KYWD	00800713:Fishing_FishType_Axolotl:KYWD			0.300000	0.150000	0.400000	5	4	2.000000	1.500000	100.000000	85.000000	50.000000	65.000000	110.000000	Fishing_Fish_Meal_Small_Raw_Axolotl10_SpottedAxolotl "Spotted Axolotl" [ALCH:008006DA]	WaterSplash_ExtraLarge_Glowing [EXPL:007B7679]	FX_NPCHumanFishingLegendarySplashSoundOverride [SNDR:0083B0CF]	UIFishCaughtFanfareLegendary [SNDR:0083F304]	2	007B233B:FishingAllFishList:FLST	00800714:Fishing_LLS_FishCollection_Axolotls:LVLI				
00800709	Fishing_Fish_Small_Axolotl05_PurpleAxolotl		3	007ABE8A:ObjectTypeFish:KYWD	007ABE8B:Fishing_FishSize_Small:KYWD	00800713:Fishing_FishType_Axolotl:KYWD			0.300000	0.150000	0.400000	5	4	2.000000	1.500000	100.000000	85.000000	50.000000	65.000000	110.000000	Fishing_Fish_Meal_Small_Raw_Axolotl05_PurpleAxolotl "Purple Axolotl" [ALCH:008006D4]	WaterSplash_ExtraLarge_Glowing [EXPL:007B7679]	FX_NPCHumanFishingLegendarySplashSoundOverride [SNDR:0083B0CF]	UIFishCaughtFanfareLegendary [SNDR:0083F304]	2	007B233B:FishingAllFishList:FLST	00800714:Fishing_LLS_FishCollection_Axolotls:LVLI				
00800706	Fishing_Fish_Small_Axolotl12_StoneAxolotl		3	007ABE8A:ObjectTypeFish:KYWD	007ABE8B:Fishing_FishSize_Small:KYWD	00800713:Fishing_FishType_Axolotl:KYWD			0.300000	0.150000	0.400000	5	4	2.000000	1.500000	100.000000	85.000000	50.000000	65.000000	110.000000	Fishing_Fish_Meal_Small_Raw_Axolotl12_StoneAxolotl "Stone Axolotl" [ALCH:008006D1]	WaterSplash_ExtraLarge_Glowing [EXPL:007B7679]	FX_NPCHumanFishingLegendarySplashSoundOverride [SNDR:0083B0CF]	UIFishCaughtFanfareLegendary [SNDR:0083F304]	2	007B233B:FishingAllFishList:FLST	00800714:Fishing_LLS_FishCollection_Axolotls:LVLI				
00800704	Fishing_Fish_Small_Axolotl03_BrownAxolotl		3	007ABE8A:ObjectTypeFish:KYWD	007ABE8B:Fishing_FishSize_Small:KYWD	00800713:Fishing_FishType_Axolotl:KYWD			0.300000	0.150000	0.400000	5	4	2.000000	1.500000	100.000000	85.000000	50.000000	65.000000	110.000000	Fishing_Fish_Meal_Small_Raw_Axolotl03_BrownAxolotl "Clay Axolotl" [ALCH:008006CF]	WaterSplash_ExtraLarge_Glowing [EXPL:007B7679]	FX_NPCHumanFishingLegendarySplashSoundOverride [SNDR:0083B0CF]	UIFishCaughtFanfareLegendary [SNDR:0083F304]	2	007B233B:FishingAllFishList:FLST	00800714:Fishing_LLS_FishCollection_Axolotls:LVLI				
00800710	Fishing_Fish_Small_Axolotl08_StripedAxolotl		3	007ABE8A:ObjectTypeFish:KYWD	007ABE8B:Fishing_FishSize_Small:KYWD	00800713:Fishing_FishType_Axolotl:KYWD			0.300000	0.150000	0.400000	5	4	2.000000	1.500000	100.000000	85.000000	50.000000	65.000000	110.000000	Fishing_Fish_Meal_Small_Raw_Axolotl08_StripedAxolotl "Striped Axolotl" [ALCH:008006DB]	WaterSplash_ExtraLarge_Glowing [EXPL:007B7679]	FX_NPCHumanFishingLegendarySplashSoundOverride [SNDR:0083B0CF]	UIFishCaughtFanfareLegendary [SNDR:0083F304]	2	007B233B:FishingAllFishList:FLST	00800714:Fishing_LLS_FishCollection_Axolotls:LVLI				
00800711	Fishing_Fish_Small_Axolotl07_ScaledAxolotl		3	007ABE8A:ObjectTypeFish:KYWD	007ABE8B:Fishing_FishSize_Small:KYWD	00800713:Fishing_FishType_Axolotl:KYWD			0.300000	0.150000	0.400000	5	4	2.000000	1.500000	100.000000	85.000000	50.000000	65.000000	110.000000	Fishing_Fish_Meal_Small_Raw_Axolotl07_ScaledAxolotl "Scaled Axolotl" [ALCH:008006DC]	WaterSplash_ExtraLarge_Glowing [EXPL:007B7679]	FX_NPCHumanFishingLegendarySplashSoundOverride [SNDR:0083B0CF]	UIFishCaughtFanfareLegendary [SNDR:0083F304]	2	007B233B:FishingAllFishList:FLST	00800714:Fishing_LLS_FishCollection_Axolotls:LVLI				
0080070A	Fishing_Fish_Small_Axolotl09_ShadowAxolotl		3	007ABE8A:ObjectTypeFish:KYWD	007ABE8B:Fishing_FishSize_Small:KYWD	00800713:Fishing_FishType_Axolotl:KYWD			0.300000	0.150000	0.400000	5	4	2.000000	1.500000	100.000000	85.000000	50.000000	65.000000	110.000000	Fishing_Fish_Meal_Small_Raw_Axolotl09_ShadowAxolotl "Shadow Axolotl" [ALCH:008006D5]	WaterSplash_ExtraLarge_Glowing [EXPL:007B7679]	FX_NPCHumanFishingLegendarySplashSoundOverride [SNDR:0083B0CF]	UIFishCaughtFanfareLegendary [SNDR:0083F304]	2	007B233B:FishingAllFishList:FLST	00800714:Fishing_LLS_FishCollection_Axolotls:LVLI				
0080070B	Fishing_Fish_Small_Axolotl11_SpeckledAxolotl		3	007ABE8A:ObjectTypeFish:KYWD	007ABE8B:Fishing_FishSize_Small:KYWD	00800713:Fishing_FishType_Axolotl:KYWD			0.300000	0.150000	0.400000	5	4	2.000000	1.500000	100.000000	85.000000	50.000000	65.000000	110.000000	Fishing_Fish_Meal_Small_Raw_Axolotl11_SpeckledAxolotl "Speckled Axolotl" [ALCH:008006D6]	WaterSplash_ExtraLarge_Glowing [EXPL:007B7679]	FX_NPCHumanFishingLegendarySplashSoundOverride [SNDR:0083B0CF]	UIFishCaughtFanfareLegendary [SNDR:0083F304]	2	007B233B:FishingAllFishList:FLST	00800714:Fishing_LLS_FishCollection_Axolotls:LVLI				
00800707	zzz_Fishing_Fish_Small_Axolotl02_PeachAxolotl		3	007ABE8A:ObjectTypeFish:KYWD	007ABE8B:Fishing_FishSize_Small:KYWD	00800713:Fishing_FishType_Axolotl:KYWD			0.300000	0.150000	0.380000	4	4	2.500000	1.800000	90.000000	95.000000	55.000000	50.000000	90.000000	zzz_Fishing_Fish_Meal_Small_Raw_Axolotl02_PeachAxolotl "Peach Axolotl" [ALCH:008006D2]				0						
00800705	zzz_Fishing_Fish_Small_Axolotl02_StoneAxolotl		3	007ABE8A:ObjectTypeFish:KYWD	007ABE8B:Fishing_FishSize_Small:KYWD	00800713:Fishing_FishType_Axolotl:KYWD			0.300000	0.150000	0.380000	4	4	2.500000	1.800000	90.000000	95.000000	55.000000	50.000000	90.000000	zzz_Fishing_Fish_Meal_Small_Raw_Axolotl02_StoneAxolotl "Stone Axolotl" [ALCH:008006D0]				0						
0080070C	Fishing_Fish_Small_Axolotl01_CharcoalAxolotl		3	007ABE8A:ObjectTypeFish:KYWD	007ABE8B:Fishing_FishSize_Small:KYWD	00800713:Fishing_FishType_Axolotl:KYWD			0.300000	0.150000	0.400000	4	5	2.000000	1.500000	100.000000	85.000000	50.000000	65.000000	110.000000	Fishing_Fish_Meal_Small_Raw_Axolotl01_CharcoalAxolotl "Charcoal Axolotl" [ALCH:008006D7]	WaterSplash_ExtraLarge_Glowing [EXPL:007B7679]	FX_NPCHumanFishingLegendarySplashSoundOverride [SNDR:0083B0CF]	UIFishCaughtFanfareLegendary [SNDR:0083F304]	2	007B233B:FishingAllFishList:FLST	00800714:Fishing_LLS_FishCollection_Axolotls:LVLI				
0080070D	Fishing_Fish_Small_Axolotl06_BandedAxolotl		3	007ABE8A:ObjectTypeFish:KYWD	007ABE8B:Fishing_FishSize_Small:KYWD	00800713:Fishing_FishType_Axolotl:KYWD			0.300000	0.150000	0.400000	5	4	2.000000	1.500000	100.000000	85.000000	50.000000	65.000000	110.000000	Fishing_Fish_Meal_Small_Raw_Axolotl06_BandedAxolotl "Banded Axolotl" [ALCH:008006D8]	WaterSplash_ExtraLarge_Glowing [EXPL:007B7679]	FX_NPCHumanFishingLegendarySplashSoundOverride [SNDR:0083B0CF]	UIFishCaughtFanfareLegendary [SNDR:0083F304]	2	007B233B:FishingAllFishList:FLST	00800714:Fishing_LLS_FishCollection_Axolotls:LVLI				
00800708	Fishing_Fish_Small_Axolotl02_PinkAxolotl		3	007ABE8A:ObjectTypeFish:KYWD	007ABE8B:Fishing_FishSize_Small:KYWD	00800713:Fishing_FishType_Axolotl:KYWD			0.300000	0.150000	0.400000	5	4	2.000000	1.500000	100.000000	85.000000	50.000000	65.000000	110.000000	Fishing_Fish_Meal_Small_Raw_Axolotl02_PinkAxolotl "Pink Axolotl" [ALCH:008006D3]	WaterSplash_ExtraLarge_Glowing [EXPL:007B7679]	FX_NPCHumanFishingLegendarySplashSoundOverride [SNDR:0083B0CF]	UIFishCaughtFanfareLegendary [SNDR:0083F304]	2	007B233B:FishingAllFishList:FLST	00800714:Fishing_LLS_FishCollection_Axolotls:LVLI				
00804F7A	Fishing_Fish_LocalLegend_MawBegotten		3	007ABE8A:ObjectTypeFish:KYWD	007ABE8B:Fishing_FishSize_Small:KYWD	00804F7E:Fishing_FishType_LocalLegend:KYWD			0.350000	0.050000	0.500000	10	7	2.500000	2.000000	125.000000	120.000000	50.000000	75.000000	150.000000	Fishing_Fish_Meal_LocalLegend_Raw_MawBegotten "Ryl-Tkannoth, Maw-Begotten" [ALCH:00804F74]	WaterSplash_ExtraLarge_Glowing [EXPL:007B7679]	FX_NPCHumanFishingLegendarySplashSoundOverride [SNDR:0083B0CF]	UIFishCaughtFanfareLegendary [SNDR:0083F304]	2	007B233B:FishingAllFishList:FLST	00804F7F:Fishing_LLS_FishCollection_LocalLegends:LVLI				
00804F7B	Fishing_Fish_LocalLegend_WavyWillard		3	007ABE8A:ObjectTypeFish:KYWD	007ABE8B:Fishing_FishSize_Small:KYWD	00804F7E:Fishing_FishType_LocalLegend:KYWD			0.350000	0.050000	0.500000	10	7	2.500000	2.000000	125.000000	120.000000	50.000000	75.000000	150.000000	Fishing_Fish_Meal_LocalLegend_Raw_WavyWillard "Wavy Willard" [ALCH:00804F75]	WaterSplash_ExtraLarge_Glowing [EXPL:007B7679]	FX_NPCHumanFishingLegendarySplashSoundOverride [SNDR:0083B0CF]	UIFishCaughtFanfareLegendary [SNDR:0083F304]	2	007B233B:FishingAllFishList:FLST	00804F7F:Fishing_LLS_FishCollection_LocalLegends:LVLI				
00804F7C	Fishing_Fish_LocalLegend_OrganGrinder		3	007ABE89:Fishing_FishSize_Large:KYWD	007ABE8A:ObjectTypeFish:KYWD	00804F7E:Fishing_FishType_LocalLegend:KYWD			0.350000	0.050000	0.500000	10	7	2.500000	2.000000	125.000000	120.000000	50.000000	75.000000	150.000000	Fishing_Fish_Meal_LocalLegend_Raw_OrganGrinder "Organ Grinder" [ALCH:00804F76]	WaterSplash_ExtraLarge_Glowing [EXPL:007B7679]	FX_NPCHumanFishingLegendarySplashSoundOverride [SNDR:0083B0CF]	UIFishCaughtFanfareLegendary [SNDR:0083F304]	2	007B233B:FishingAllFishList:FLST	00804F7F:Fishing_LLS_FishCollection_LocalLegends:LVLI				
0082962E	Fishing_Fish_Junk_Rare03		1	007ABE8B:Fishing_FishSize_Small:KYWD					0.300000	0.150000	0.150000	0	0	0.000000	0.000000	0.000000	0.000000	0.000000	40.000000	40.000000	DuctTape01_Rare "Pack of Duct Tape" [MISC:001C7F1F]			UIFishCaughtJunk [SNDR:0084408A]	2	007B233B:FishingAllFishList:FLST	00829632:Fishing_LLS_Junk_Rare:LVLI				
0082962F	Fishing_Fish_Junk_Rare02		1	007ABE8B:Fishing_FishSize_Small:KYWD					0.300000	0.150000	0.150000	0	0	0.000000	0.000000	0.000000	0.000000	0.000000	40.000000	40.000000	MilitaryAmmoBag "Military Ammo Bag" [MISC:00060E77]			UIFishCaughtJunk [SNDR:0084408A]	2	007B233B:FishingAllFishList:FLST	00829632:Fishing_LLS_Junk_Rare:LVLI				
0082962B	Fishing_Fish_Junk_Rare05		1	007ABE8B:Fishing_FishSize_Small:KYWD					0.300000	0.150000	0.150000	0	0	0.000000	0.000000	0.000000	0.000000	0.000000	40.000000	40.000000	CoffeePot01_Rare "Luxobrew Coffee Pot" [MISC:001C7F1B]			UIFishCaughtJunk [SNDR:0084408A]	2	007B233B:FishingAllFishList:FLST	00829632:Fishing_LLS_Junk_Rare:LVLI				
0082962C	Fishing_Fish_Junk_Rare01		1	007ABE8B:Fishing_FishSize_Small:KYWD					0.300000	0.150000	0.150000	0	0	0.000000	0.000000	0.000000	0.000000	0.000000	40.000000	40.000000	CAMERA "Broken Camera" [MISC:00059A83]			UIFishCaughtJunk [SNDR:0084408A]	2	007B233B:FishingAllFishList:FLST	00829632:Fishing_LLS_Junk_Rare:LVLI				
0082962D	Fishing_Fish_Junk_Rare04		1	007ABE8B:Fishing_FishSize_Small:KYWD					0.300000	0.150000	0.150000	0	0	0.000000	0.000000	0.000000	0.000000	0.000000	40.000000	40.000000	OilCan01_Rare "Oil Can" [MISC:001C7F23]			UIFishCaughtJunk [SNDR:0084408A]	2	007B233B:FishingAllFishList:FLST	00829632:Fishing_LLS_Junk_Rare:LVLI				
008482A7	Burn_Fish_Medium_BurningSprings_Walleye		3	007ABE88:Fishing_FishSize_Medium:KYWD	007ABE8A:ObjectTypeFish:KYWD	008482A8:Fishing_FishType_BurningSprings:KYWD			0.300000	0.150000	0.400000	5	4	2.000000	1.500000	100.000000	85.000000	50.000000	65.000000	110.000000	Burn_Fish_Meal_Medium_Raw_BurningSprings_Walleye "Withered Radeye" [ALCH:0084829F]		FX_NPCHumanFishingCommonSplashSoundOverride [SNDR:00844089]	UIFishCaughtFanfareCommon [SNDR:0084408B]	2	007B233B:FishingAllFishList:FLST	008482BC:Burn_Fishing_LLS_FishCollection_BurningSprings_Uncommon:LVLI				
008482A4	Burn_Fish_Small_Universal_BurningSprings_Sawgill		4	007ABE8A:ObjectTypeFish:KYWD	007ABE8B:Fishing_FishSize_Small:KYWD	007FE7BD:Fishing_FishType_Sawgill:KYWD	008482A8:Fishing_FishType_BurningSprings:KYWD		0.350000	0.180000	0.320000	3	3	2.000000	1.300000	80.000000	60.000000	35.000000	50.000000	80.000000	Burn_Fish_Meal_Small_Raw_Universal_BurningSprings_Sawgill "Rusted Sawgill" [ALCH:0084829C]		FX_NPCHumanFishingCommonSplashSoundOverride [SNDR:00844089]	UIFishCaughtFanfareCommon [SNDR:0084408B]	3	007B233B:FishingAllFishList:FLST	008482BA:Burn_Fishing_LLS_FishCollection_BurningSprings_Common:LVLI	008D476A:Fishing_LLS_FishCollection_AllSawgills:LVLI			
008482A5	Burn_Fish_Medium_BurningSprings_TwoHeaded		3	007ABE88:Fishing_FishSize_Medium:KYWD	007ABE8A:ObjectTypeFish:KYWD	008482A8:Fishing_FishType_BurningSprings:KYWD			0.300000	0.150000	0.400000	5	4	2.000000	1.500000	100.000000	85.000000	50.000000	65.000000	110.000000	Burn_Fish_Meal_Medium_Raw_BurningSprings_TwoHeaded "Brahfin" [ALCH:0084829D]		FX_NPCHumanFishingCommonSplashSoundOverride [SNDR:00844089]	UIFishCaughtFanfareCommon [SNDR:0084408B]	2	007B233B:FishingAllFishList:FLST	008482BC:Burn_Fishing_LLS_FishCollection_BurningSprings_Uncommon:LVLI				
008482A6	Burn_Fish_Medium_Glowing_BurningSprings_TwoHeaded		4	007ABE88:Fishing_FishSize_Medium:KYWD	007ABE8A:ObjectTypeFish:KYWD	007BC5EB:Fishing_FishType_Glowing:KYWD	008482A8:Fishing_FishType_BurningSprings:KYWD		0.300000	0.150000	0.400000	5	4	2.000000	1.500000	100.000000	85.000000	50.000000	65.000000	110.000000	Burn_Fish_Meal_Medium_Glowing_Raw_BurningSprings_TwoHeaded "Glowing Brahfin" [ALCH:0084829E]	WaterSplash_ExtraLarge_Glowing [EXPL:007B7679]	FX_NPCHumanFishingLegendarySplashSoundOverride [SNDR:0083B0CF]	UIFishCaughtFanfareLegendary [SNDR:0083F304]	2	007B233B:FishingAllFishList:FLST	008482BB:Burn_Fishing_LLS_FishCollection_BurningSprings_Glowing:LVLI				
0085A4F8	Burn_Fish_LocalLegend_Deathjaw		3	007ABE89:Fishing_FishSize_Large:KYWD	007ABE8A:ObjectTypeFish:KYWD	00804F7E:Fishing_FishType_LocalLegend:KYWD			0.350000	0.050000	0.500000	10	7	2.500000	2.000000	125.000000	120.000000	50.000000	75.000000	150.000000	Burn_Fish_Meal_LocalLegend_Raw_Deathjaw "Hocking Hill Hellion" [ALCH:0085A4F6]	WaterSplash_ExtraLarge_Glowing [EXPL:007B7679]	FX_NPCHumanFishingLegendarySplashSoundOverride [SNDR:0083B0CF]	UIFishCaughtFanfareLegendary [SNDR:0083F304]	2	007B233B:FishingAllFishList:FLST	00804F7F:Fishing_LLS_FishCollection_LocalLegends:LVLI				
0086451D	LTT_Fish_WaterLoggedGift_Tier_03		1	007ABE8B:Fishing_FishSize_Small:KYWD					0.300000	0.150000	0.150000	0	0	0.000000	0.000000	0.000000	0.000000	0.000000	40.000000	40.000000	Festive_WaterLoggedHolidayGift_Loot_Tier_03 "Large Waterlogged Gift" [ALCH:0086451B]	WaterSplash_ExtraLarge_Glowing [EXPL:007B7679]		OBJHolidayWinterGiftOpen [SNDR:0059D5B3]	2	007B233B:FishingAllFishList:FLST	00864522:Fishing_LL_LTT_WaterLoggedGifts:LVLI				
0086451E	LTT_Fish_WaterLoggedGift_Tier_01		1	007ABE8B:Fishing_FishSize_Small:KYWD					0.300000	0.150000	0.150000	0	0	0.000000	0.000000	0.000000	0.000000	0.000000	40.000000	40.000000	Festive_WaterLoggedHolidayGift_Loot_Tier_01 "Small Waterlogged Gift" [ALCH:0086451A]			OBJHolidayWinterGiftOpen [SNDR:0059D5B3]	2	007B233B:FishingAllFishList:FLST	00864522:Fishing_LL_LTT_WaterLoggedGifts:LVLI				
0086451F	LTT_Fish_WaterLoggedGift_Tier_02		1	007ABE8B:Fishing_FishSize_Small:KYWD					0.300000	0.150000	0.150000	0	0	0.000000	0.000000	0.000000	0.000000	0.000000	40.000000	40.000000	Festive_WaterLoggedHolidayGift_Loot_Tier_02 "Waterlogged Gift" [ALCH:0086451C]			OBJHolidayWinterGiftOpen [SNDR:0059D5B3]	2	007B233B:FishingAllFishList:FLST	00864522:Fishing_LL_LTT_WaterLoggedGifts:LVLI				
008A45C6	zzz_Fishing_Fish_Sum_Summer04		1	007ABE8B:Fishing_FishSize_Small:KYWD					0.300000	0.150000	0.150000	0	0	0.000000	0.000000	0.000000	0.000000	0.000000	40.000000	40.000000	CAMERA "Broken Camera" [MISC:00059A83]			UIFishCaughtJunk [SNDR:0084408A]	0						
008A45C4	SeasonalFish_Fish_LocalLegend_SummerGlassGhost		5	007ABE88:Fishing_FishSize_Medium:KYWD	007ABE8A:ObjectTypeFish:KYWD	007BC5E6:Fishing_FishType_CranberryBog:KYWD	00804F7E:Fishing_FishType_LocalLegend:KYWD	008B3A01:Fishing_FishType_Seasonal_Summer:KYWD	0.350000	0.050000	0.500000	10	7	2.500000	2.000000	125.000000	120.000000	50.000000	75.000000	150.000000	SeasonalFish_Meal_LocalLegend_Raw_SummerGlassGhost "Glass Ghost" [ALCH:008A45C9]	WaterSplash_ExtraLarge_Glowing [EXPL:007B7679]	FX_NPCHumanFishingLegendarySplashSoundOverride [SNDR:0083B0CF]	UIFishCaughtFanfareLegendary [SNDR:0083F304]	2	007B233B:FishingAllFishList:FLST	00804F7F:Fishing_LLS_FishCollection_LocalLegends:LVLI				
008A45C7	zzz_Fishing_Fish_Sum_Summer03		3	007ABE89:Fishing_FishSize_Large:KYWD	007ABE8A:ObjectTypeFish:KYWD	007BC5EA:Fishing_FishType_AshHeap:KYWD			0.350000	0.100000	0.450000	6	5	2.500000	1.800000	125.000000	105.000000	60.000000	75.000000	135.000000	Fishing_Fish_Meal_Large_Raw_Ash_Deathjaw "Deathjaw" [ALCH:007D2AF0]		FX_NPCHumanFishingCommonSplashSoundOverride [SNDR:00844089]	UIFishCaughtFanfareCommon [SNDR:0084408B]	0						
008A45C5	zzz_Fishing_Fish_Sum_Summer01		1	007ABE8B:Fishing_FishSize_Small:KYWD					0.300000	0.150000	0.150000	0	0	0.000000	0.000000	0.000000	0.000000	0.000000	40.000000	40.000000	BaseballGlove "Baseball Glove" [MISC:00059A77]			UIFishCaughtJunk [SNDR:0084408A]	0						
008A45C8	SeasonalFish_Fish_Medium_Bogsucker		3	007ABE88:Fishing_FishSize_Medium:KYWD	007ABE8A:ObjectTypeFish:KYWD	008B3D61:Fishing_FishType_Seasonal_Winter:KYWD			0.300000	0.150000	0.400000	5	4	2.000000	1.500000	100.000000	85.000000	50.000000	65.000000	110.000000	SeasonalFish_Meal_Medium_Raw_Bogsucker "Bog Sucker" [ALCH:008A45CD]		FX_NPCHumanFishingCommonSplashSoundOverride [SNDR:00844089]	UIFishCaughtFanfareCommon [SNDR:0084408B]	5	007B233B:FishingAllFishList:FLST	007D4991:Fishing_LLS_FishCollection_Forest_Uncommon:LVLI	007D499B:Fishing_LLS_FishCollection_Ash_Uncommon:LVLI	007D49AA:Fishing_LLS_FishCollection_SavageDivide_Uncommon:LVLI	008B3AD8:Fishing_LLS_FishCollection_SeasonalFish_Uncommon:LVLI	
008A45D0	zzz_Fishing_Fish_Sum_Summer03_Copy01		3	007ABE89:Fishing_FishSize_Large:KYWD	007ABE8A:ObjectTypeFish:KYWD	007BC5EA:Fishing_FishType_AshHeap:KYWD			0.350000	0.100000	0.450000	6	5	2.500000	1.800000	125.000000	105.000000	60.000000	75.000000	135.000000	Fishing_Fish_Meal_Large_Raw_Ash_Deathjaw "Deathjaw" [ALCH:007D2AF0]		FX_NPCHumanFishingCommonSplashSoundOverride [SNDR:00844089]	UIFishCaughtFanfareCommon [SNDR:0084408B]	0						
008A45CE	zzz_Fishing_Fish_Sum_Summer02_Copy01		3	007ABE88:Fishing_FishSize_Medium:KYWD	007ABE8A:ObjectTypeFish:KYWD	007BC5E6:Fishing_FishType_CranberryBog:KYWD			0.300000	0.150000	0.400000	5	4	2.000000	1.500000	100.000000	85.000000	50.000000	65.000000	110.000000	Fishing_Fish_Meal_Medium_Raw_Cranberry_BogLurker "Bog Lurker" [ALCH:007D2AF4]		FX_NPCHumanFishingCommonSplashSoundOverride [SNDR:00844089]	UIFishCaughtFanfareCommon [SNDR:0084408B]	0						
008A45D1	zzz_Fishing_Fish_Sum_LocalLegend_SummerFish_Copy01		3	007ABE8A:ObjectTypeFish:KYWD	007ABE8B:Fishing_FishSize_Small:KYWD	00804F7E:Fishing_FishType_LocalLegend:KYWD			0.350000	0.050000	0.500000	10	7	2.500000	2.000000	125.000000	120.000000	50.000000	75.000000	150.000000	Fishing_Fish_Meal_LocalLegend_Raw_WavyWillard "Wavy Willard" [ALCH:00804F75]	WaterSplash_ExtraLarge_Glowing [EXPL:007B7679]	FX_NPCHumanFishingLegendarySplashSoundOverride [SNDR:0083B0CF]	UIFishCaughtFanfareLegendary [SNDR:0083F304]	0						
008A45D2	zzz_Fishing_Fish_Sum_Summer04_Copy01		1	007ABE8B:Fishing_FishSize_Small:KYWD					0.300000	0.150000	0.150000	0	0	0.000000	0.000000	0.000000	0.000000	0.000000	40.000000	40.000000	CAMERA "Broken Camera" [MISC:00059A83]			UIFishCaughtJunk [SNDR:0084408A]	0						
008A45CF	zzz_Fishing_Fish_Sum_Summer01_Copy01		1	007ABE8B:Fishing_FishSize_Small:KYWD					0.300000	0.150000	0.150000	0	0	0.000000	0.000000	0.000000	0.000000	0.000000	40.000000	40.000000	BaseballGlove "Baseball Glove" [MISC:00059A77]			UIFishCaughtJunk [SNDR:0084408A]	0						
008A581F	SeasonalFish_Fish_Small_Fernskipper		4	007ABE8A:ObjectTypeFish:KYWD	007ABE8B:Fishing_FishSize_Small:KYWD	007BC5E6:Fishing_FishType_CranberryBog:KYWD	008B3A01:Fishing_FishType_Seasonal_Summer:KYWD		0.350000	0.180000	0.320000	5	4	1.750000	1.250000	95.000000	85.000000	50.000000	50.000000	105.000000	SeasonalFish_Meal_Small_Raw_Fernskipper "Fernskipper" [ALCH:008A581E]		FX_NPCHumanFishingCommonSplashSoundOverride [SNDR:00844089]	UIFishCaughtFanfareCommon [SNDR:0084408B]	6	007B233B:FishingAllFishList:FLST	007D49A2:Fishing_LLS_FishCollection_Cranberry_Uncommon:LVLI	007D49A7:Fishing_LLS_FishCollection_Mire_Uncommon:LVLI	007D49B1:Fishing_LLS_FishCollection_Skyline_Uncommon:LVLI	008B3AD6:zzz_Fishing_LLS_FishCollection_SeasonalFish_Common:LVLI	008B3AD8:Fishing_LLS_FishCollection_SeasonalFish_Uncommon:LVLI
008A5821	SeasonalFish_Fish_Medium_OrangeOverseer		3	007ABE88:Fishing_FishSize_Medium:KYWD	007ABE8A:ObjectTypeFish:KYWD	008B3D5F:Fishing_FishType_Seasonal_Spring:KYWD			0.300000	0.150000	0.400000	5	4	2.000000	1.500000	100.000000	85.000000	50.000000	65.000000	110.000000	SeasonalFish_Meal_Medium_Raw_OrangeOverseer "Orange Overseer" [ALCH:008A45CB]		FX_NPCHumanFishingCommonSplashSoundOverride [SNDR:00844089]	UIFishCaughtFanfareCommon [SNDR:0084408B]	6	007B233B:FishingAllFishList:FLST	007D49AA:Fishing_LLS_FishCollection_SavageDivide_Uncommon:LVLI	007D49B1:Fishing_LLS_FishCollection_Skyline_Uncommon:LVLI	007D49B4:Fishing_LLS_FishCollection_Toxic_Uncommon:LVLI	008B3AD6:zzz_Fishing_LLS_FishCollection_SeasonalFish_Common:LVLI	008B3AD8:Fishing_LLS_FishCollection_SeasonalFish_Uncommon:LVLI
008A5820	SeasonalFish_Fish_Medium_Festerkoi		3	007ABE88:Fishing_FishSize_Medium:KYWD	007ABE8A:ObjectTypeFish:KYWD	008B3D60:Fishing_FishType_Seasonal_Fall:KYWD			0.300000	0.150000	0.400000	5	4	2.000000	1.500000	100.000000	85.000000	50.000000	65.000000	110.000000	SeasonalFish_Meal_Medium_Raw_Festerkoi "Fester Koi" [ALCH:008A45CC]		FX_NPCHumanFishingCommonSplashSoundOverride [SNDR:00844089]	UIFishCaughtFanfareCommon [SNDR:0084408B]	5	007B233B:FishingAllFishList:FLST	007D499B:Fishing_LLS_FishCollection_Ash_Uncommon:LVLI	007D49B4:Fishing_LLS_FishCollection_Toxic_Uncommon:LVLI	008482BC:Burn_Fishing_LLS_FishCollection_BurningSprings_Uncommon:LVLI	008B3AD8:Fishing_LLS_FishCollection_SeasonalFish_Uncommon:LVLI	
008A5822	zzz_Fishing_Fish_Sum_Medium_SummerSpikes_Copy01		4	007ABE88:Fishing_FishSize_Medium:KYWD	007ABE8A:ObjectTypeFish:KYWD	007BC5E7:Fishing_FishType_Forest:KYWD	007BC5EA:Fishing_FishType_AshHeap:KYWD		0.300000	0.150000	0.400000	5	4	2.000000	1.500000	100.000000	85.000000	50.000000	65.000000	110.000000			FX_NPCHumanFishingCommonSplashSoundOverride [SNDR:00844089]	UIFishCaughtFanfareCommon [SNDR:0084408B]	0						
008B76D8	zzz_SeasonalFish_Fish_Small_WinterCommon01		3	007ABE8A:ObjectTypeFish:KYWD	007ABE8B:Fishing_FishSize_Small:KYWD	008B3D61:Fishing_FishType_Seasonal_Winter:KYWD			0.350000	0.180000	0.320000	5	4	1.750000	1.250000	95.000000	85.000000	50.000000	50.000000	105.000000			FX_NPCHumanFishingCommonSplashSoundOverride [SNDR:00844089]	UIFishCaughtFanfareCommon [SNDR:0084408B]	0						
008B76D9	zzz_SeasonalFish_Fish_Small_SpringCommon01		3	007ABE8A:ObjectTypeFish:KYWD	007ABE8B:Fishing_FishSize_Small:KYWD	008B3D5F:Fishing_FishType_Seasonal_Spring:KYWD			0.350000	0.180000	0.320000	5	4	1.750000	1.250000	95.000000	85.000000	50.000000	50.000000	105.000000			FX_NPCHumanFishingCommonSplashSoundOverride [SNDR:00844089]	UIFishCaughtFanfareCommon [SNDR:0084408B]	0						
008B76D7	zzz_SeasonalFish_Fish_Small_FallCommon01		3	007ABE8A:ObjectTypeFish:KYWD	007ABE8B:Fishing_FishSize_Small:KYWD	008B3D60:Fishing_FishType_Seasonal_Fall:KYWD			0.350000	0.180000	0.320000	5	4	1.750000	1.250000	95.000000	85.000000	50.000000	50.000000	105.000000			FX_NPCHumanFishingCommonSplashSoundOverride [SNDR:00844089]	UIFishCaughtFanfareCommon [SNDR:0084408B]	0						
008EFCB5	SeasonalFish_Fish_LocalLegend_SludgeEye		5	007ABE8A:ObjectTypeFish:KYWD	007ABE8B:Fishing_FishSize_Small:KYWD	007BC5EA:Fishing_FishType_AshHeap:KYWD	00804F7E:Fishing_FishType_LocalLegend:KYWD	008B3D60:Fishing_FishType_Seasonal_Fall:KYWD	0.350000	0.050000	0.500000	10	7	2.500000	2.000000	125.000000	120.000000	50.000000	75.000000	150.000000	SeasonalFish_Meal_LocalLegend_Raw_SludgeEye "Sludge Eye" [ALCH:008EFCA6]	WaterSplash_ExtraLarge_Glowing [EXPL:007B7679]	FX_NPCHumanFishingLegendarySplashSoundOverride [SNDR:0083B0CF]	UIFishCaughtFanfareLegendary [SNDR:0083F304]	2	007B233B:FishingAllFishList:FLST	00804F7F:Fishing_LLS_FishCollection_LocalLegends:LVLI				
0091391B	zzz_Fishing_Fish_Small_Axolotl_Gold		3	007ABE8A:ObjectTypeFish:KYWD	007ABE8B:Fishing_FishSize_Small:KYWD	00800713:Fishing_FishType_Axolotl:KYWD			0.300000	0.150000	0.400000	5	4	2.000000	1.500000	100.000000	85.000000	110.000000	65.000000	110.000000	zzz_Fishing_Fish_Meal_Small_Raw_Axolotl_Gold "Gold Axolotl" [ALCH:00913919]	WaterSplash_ExtraLarge_Glowing [EXPL:007B7679]	FX_NPCHumanFishingLegendarySplashSoundOverride [SNDR:0083B0CF]	UIFishCaughtFanfareLegendary [SNDR:0083F304]	1	0091391D:zzz_Fishing_LLS_FishCollection_GoldAxolotls:LVLI					
