set	item_formid	edid	name	section	worldspace	cell	x	y	z	ref_formid	holder	loc_name	loc_source
pint-sized-slasher-masks	008E069E	SDOW_SlasherClue	Pint-Sized Slasher Mask	MISC			-128821.289063	54538.847656	4984.721679	008F587D			
pint-sized-slasher-masks	008E069E	SDOW_SlasherClue	Pint-Sized Slasher Mask	MISC			-125660.234375	53281.761718	5180.121582	008F5880			
pint-sized-slasher-masks	008E069E	SDOW_SlasherClue	Pint-Sized Slasher Mask	MISC			-127951.406250	52456.753907	5181.213867	008F5881			
pint-sized-slasher-masks	008E069E	SDOW_SlasherClue	Pint-Sized Slasher Mask	MISC			2779.249512	138728.000000	12684.529297	008F6155			
pint-sized-slasher-masks	008E069E	SDOW_SlasherClue	Pint-Sized Slasher Mask	MISC			7054.595215	141145.156250	13087.312500	008F6651			
pint-sized-slasher-masks	008E069E	SDOW_SlasherClue	Pint-Sized Slasher Mask	MISC			4749.640625	137400.218750	12573.805664	008F6655			
pint-sized-slasher-masks	008E069E	SDOW_SlasherClue	Pint-Sized Slasher Mask	MISC			151794.625000	86356.335938	13522.073242	008F665E			
pint-sized-slasher-masks	008E069E	SDOW_SlasherClue	Pint-Sized Slasher Mask	MISC			151990.187500	89643.671875	15039.678711	008F6669			
pint-sized-slasher-masks	008E069E	SDOW_SlasherClue	Pint-Sized Slasher Mask	MISC			62016.351562	-255364.656250	9416.551758	008F666D			
pint-sized-slasher-masks	008E069E	SDOW_SlasherClue	Pint-Sized Slasher Mask	MISC			68349.757812	-248132.875000	8948.607421	008F6675			
pint-sized-slasher-masks	008E069E	SDOW_SlasherClue	Pint-Sized Slasher Mask	MISC			55616.453125	-251500.171875	8967.720703	008F667D			
pint-sized-slasher-masks	008E069E	SDOW_SlasherClue	Pint-Sized Slasher Mask	MISC			-150690.187500	-34863.925781	13155.570313	008F66F9			
pint-sized-slasher-masks	008E069E	SDOW_SlasherClue	Pint-Sized Slasher Mask	MISC			-68501.703125	-14385.333985	15315.767578	008F66FA			
pint-sized-slasher-masks	008E069E	SDOW_SlasherClue	Pint-Sized Slasher Mask	MISC			-69514.835937	-9198.718750	14990.464844	008F66FB			
pint-sized-slasher-masks	008E069E	SDOW_SlasherClue	Pint-Sized Slasher Mask	MISC			-10164.927734	179242.500000	9288.321290	008F678D			
pint-sized-slasher-masks	008E069E	SDOW_SlasherClue	Pint-Sized Slasher Mask	MISC			161711.015625	153157.390625	17499.931641	008F67A1			
pint-sized-slasher-masks	008E069E	SDOW_SlasherClue	Pint-Sized Slasher Mask	MISC			161798.468750	153092.640625	17503.535156	008F67A2			
pint-sized-slasher-masks	008E069E	SDOW_SlasherClue	Pint-Sized Slasher Mask	MISC			161541.296875	-40532.246094	8837.348633	008F6C4E			
pint-sized-slasher-masks	008E069E	SDOW_SlasherClue	Pint-Sized Slasher Mask	MISC			161284.359375	-37321.632813	9289.816407	008F6C53			
pint-sized-slasher-masks	008E069E	SDOW_SlasherClue	Pint-Sized Slasher Mask	MISC			112256.976563	130073.523438	20383.019532	008F6C5D			
pint-sized-slasher-masks	008E069E	SDOW_SlasherClue	Pint-Sized Slasher Mask	MISC			163936.937500	215665.500000	23448.000000	008F75F3			
pint-sized-slasher-masks	008E069E	SDOW_SlasherClue	Pint-Sized Slasher Mask	MISC			-31045.798829	192910.875000	8982.096679	008F76AC			
pint-sized-slasher-masks	008E069E	SDOW_SlasherClue	Pint-Sized Slasher Mask	MISC			-34902.621094	195543.875000	9481.950195	008F76AD			
pint-sized-slasher-masks	008E069E	SDOW_SlasherClue	Pint-Sized Slasher Mask	MISC			-23749.291016	196288.468750	10373.492188	008F76B0			
pint-sized-slasher-masks	008E069E	SDOW_SlasherClue	Pint-Sized Slasher Mask	MISC			-179625.281250	-79897.429687	1489.334717	008F83B3			
pint-sized-slasher-masks	008E069E	SDOW_SlasherClue	Pint-Sized Slasher Mask	MISC			-177152.125000	-81108.507812	1891.366089	008F83BB			
pint-sized-slasher-masks	008E069E	SDOW_SlasherClue	Pint-Sized Slasher Mask	MISC			-181542.234375	-84758.343750	92.659470	008F83BD			
pint-sized-slasher-masks	008E069E	SDOW_SlasherClue	Pint-Sized Slasher Mask	MISC			-203208.843750	114377.250000	5726.124512	008F83C3			
pint-sized-slasher-masks	008E069E	SDOW_SlasherClue	Pint-Sized Slasher Mask	MISC			-201304.750000	116550.179688	5726.351563	008F83C9			
pint-sized-slasher-masks	008E069E	SDOW_SlasherClue	Pint-Sized Slasher Mask	MISC			76009.250000	17596.205079	34565.445313	008FAD93			
pint-sized-slasher-masks	008E069E	SDOW_SlasherClue	Pint-Sized Slasher Mask	MISC			107177.781250	145888.343750	25489.693360	008FAD95			
pint-sized-slasher-masks	008E069E	SDOW_SlasherClue	Pint-Sized Slasher Mask	MISC			57853.363281	-192344.812500	19070.326172	008FAD97			
pint-sized-slasher-masks	008E069E	SDOW_SlasherClue	Pint-Sized Slasher Mask	MISC			152774.625000	-87869.484375	8371.294922	008FAD9A			
pint-sized-slasher-masks	008E069E	SDOW_SlasherClue	Pint-Sized Slasher Mask	MISC			-147187.812500	144868.109375	1260.389771	008FADA7			
pint-sized-slasher-masks	008E069E	SDOW_SlasherClue	Pint-Sized Slasher Mask	MISC			-145447.281250	141276.890625	1152.777710	008FADA9			
pint-sized-slasher-masks	008E069E	SDOW_SlasherClue	Pint-Sized Slasher Mask	MISC			-147798.453125	146403.468750	1258.148560	008FADAE			
pint-sized-slasher-masks	008E069E	SDOW_SlasherClue	Pint-Sized Slasher Mask	MISC			-27416.167969	-55189.332032	23647.423828	008FADB3			
pint-sized-slasher-masks	008E069E	SDOW_SlasherClue	Pint-Sized Slasher Mask	MISC			48766.441406	23214.966796	34105.562500	008FBCD3			
pint-sized-slasher-masks	008E069E	SDOW_SlasherClue	Pint-Sized Slasher Mask	MISC			47665.855469	22209.058594	34102.960938	008FBCD7			
pint-sized-slasher-masks	008E069E	SDOW_SlasherClue	Pint-Sized Slasher Mask	MISC			51707.453125	-122865.312500	37059.332031	008FBCD8			
pint-sized-slasher-masks	008E069E	SDOW_SlasherClue	Pint-Sized Slasher Mask	MISC			55925.515625	-68684.257813	33882.976562	008FBCDB			
pint-sized-slasher-masks	008E069E	SDOW_SlasherClue	Pint-Sized Slasher Mask	MISC			117002.453125	-59426.320313	18835.248046	008FBCDE			
pint-sized-slasher-masks	008E069E	SDOW_SlasherClue	Pint-Sized Slasher Mask	MISC			-139929.421875	173577.500000	4847.680664	008FBCE1			
pint-sized-slasher-masks	008E069E	SDOW_SlasherClue	Pint-Sized Slasher Mask	MISC			-103897.023438	48112.699219	11533.387695	008FBCE5			
pint-sized-slasher-masks	008E069E	SDOW_SlasherClue	Pint-Sized Slasher Mask	MISC			-88390.398438	68200.859375	5674.739746	008FBCE7			
pint-sized-slasher-masks	008E069E	SDOW_SlasherClue	Pint-Sized Slasher Mask	MISC			-84428.570313	100091.984375	20537.361328	008FBCEB			
pint-sized-slasher-masks	008E069E	SDOW_SlasherClue	Pint-Sized Slasher Mask	MISC			-44313.382812	17521.078125	17274.968750	008FBCED			
pint-sized-slasher-masks	008E069E	SDOW_SlasherClue	Pint-Sized Slasher Mask	MISC			-3076.854980	140623.843750	16270.020508	008FBCF0			
pint-sized-slasher-masks	008E069E	SDOW_SlasherClue	Pint-Sized Slasher Mask	MISC			-50134.097656	-46266.007812	10215.785156	008FBCF3			
pint-sized-slasher-masks	008E069E	SDOW_SlasherClue	Pint-Sized Slasher Mask	MISC			-60045.574218	-28140.554688	9700.217774	008FBCF6			
pint-sized-slasher-masks	008E069E	SDOW_SlasherClue	Pint-Sized Slasher Mask	MISC			152828.109375	130708.687500	20437.671875	009097D6			
pint-sized-slasher-masks	008E069E	SDOW_SlasherClue	Pint-Sized Slasher Mask	MISC			-155458.546875	-35802.144532	11147.792969	009097D8			
pint-sized-slasher-masks	008E069E	SDOW_SlasherClue	Pint-Sized Slasher Mask	MISC			-69038.328125	-16340.477539	15200.949219	009097DF			
pint-sized-slasher-masks	008E069E	SDOW_SlasherClue	Pint-Sized Slasher Mask	MISC			43874.671875	7490.263184	32036.044922	0090AB64			
pint-sized-slasher-masks	008E069E	SDOW_SlasherClue	Pint-Sized Slasher Mask	MISC			83162.929687	50495.394532	31407.080078	0090AB67			
pint-sized-slasher-masks	008E069E	SDOW_SlasherClue	Pint-Sized Slasher Mask	MISC			114392.750000	92103.851562	26490.968750	0090AB6A			
pint-sized-slasher-masks	008E069E	SDOW_SlasherClue	Pint-Sized Slasher Mask	MISC			6261.552246	-230422.343750	9242.476563	0090AB6B			
pint-sized-slasher-masks	008E069E	SDOW_SlasherClue	Pint-Sized Slasher Mask	MISC			2319.981201	-232109.281250	9500.522461	0090AB70			
pint-sized-slasher-masks	008E069E	SDOW_SlasherClue	Pint-Sized Slasher Mask	MISC			5979.807129	-223802.218750	9851.378906	0090AB73			
pint-sized-slasher-masks	008E069E	SDOW_SlasherClue	Pint-Sized Slasher Mask	MISC			21646.025390	-154913.500000	31189.343750	0090AB76			
pint-sized-slasher-masks	008E069E	SDOW_SlasherClue	Pint-Sized Slasher Mask	MISC			44942.429688	-120376.226562	34203.570313	0090AB78			
pint-sized-slasher-masks	008E069E	SDOW_SlasherClue	Pint-Sized Slasher Mask	MISC			39157.597656	-118182.804688	33505.292968	0090AB7C			
pint-sized-slasher-masks	008E069E	SDOW_SlasherClue	Pint-Sized Slasher Mask	MISC			38733.542969	-119608.523437	33174.613281	0090AB7F			
pint-sized-slasher-masks	008E069E	SDOW_SlasherClue	Pint-Sized Slasher Mask	MISC			89085.421875	-81553.679687	22795.468750	0090AB82			
pint-sized-slasher-masks	008E069E	SDOW_SlasherClue	Pint-Sized Slasher Mask	MISC			156625.109375	74437.789062	11942.662110	0090AB85			
pint-sized-slasher-masks	008E069E	SDOW_SlasherClue	Pint-Sized Slasher Mask	MISC			154057.421875	76241.710938	12769.250000	0090AB88			
pint-sized-slasher-masks	008E069E	SDOW_SlasherClue	Pint-Sized Slasher Mask	MISC			150906.421875	77554.750000	13477.262695	0090AB8A			
pint-sized-slasher-masks	008E069E	SDOW_SlasherClue	Pint-Sized Slasher Mask	MISC			-32037.625000	-235846.984375	10346.319336	0090AB8C			
pint-sized-slasher-masks	008E069E	SDOW_SlasherClue	Pint-Sized Slasher Mask	MISC			-102303.304688	-117329.796875	18902.615234	0090AB91			
pint-sized-slasher-masks	008E069E	SDOW_SlasherClue	Pint-Sized Slasher Mask	MISC			-211960.750000	148531.968750	7532.634277	0090ABA0			
pint-sized-slasher-masks	008E069E	SDOW_SlasherClue	Pint-Sized Slasher Mask	MISC			-212386.625000	144962.671875	7352.538086	0090ABA2			
pint-sized-slasher-masks	008E069E	SDOW_SlasherClue	Pint-Sized Slasher Mask	MISC			-210476.437500	144036.578125	7654.490235	0090ABAA			
pint-sized-slasher-masks	008E069E	SDOW_SlasherClue	Pint-Sized Slasher Mask	MISC			-246393.984375	51572.980469	6014.381836	0090ABB0			
pint-sized-slasher-masks	008E069E	SDOW_SlasherClue	Pint-Sized Slasher Mask	MISC			-238019.812500	51188.511719	6104.393067	0090ABB3			
pint-sized-slasher-masks	008E069E	SDOW_SlasherClue	Pint-Sized Slasher Mask	MISC			-237214.937500	56982.230469	5255.059082	0090ABB7			
pint-sized-slasher-masks	008E069E	SDOW_SlasherClue	Pint-Sized Slasher Mask	MISC			101002.687500	46356.210938	28748.054687	0090B982			
pint-sized-slasher-masks	008E069E	SDOW_SlasherClue	Pint-Sized Slasher Mask	MISC			-133746.515625	-30485.962891	9515.150391	0090D2BA			
pint-sized-slasher-masks	008E069E	SDOW_SlasherClue	Pint-Sized Slasher Mask	MISC			138439.593750	1724.745362	10859.737305	0090D2C9			
pint-sized-slasher-masks	008E069E	SDOW_SlasherClue	Pint-Sized Slasher Mask	MISC			139386.031250	3369.404541	11195.387696	0090D2CC			
pint-sized-slasher-masks	008E069E	SDOW_SlasherClue	Pint-Sized Slasher Mask	MISC			140999.140625	-445.114197	10828.074219	0090D2CE			
pint-sized-slasher-masks	008E069E	SDOW_SlasherClue	Pint-Sized Slasher Mask	MISC			-73880.742187	114073.132813	13119.728516	0090D395			
pint-sized-slasher-masks	008E069E	SDOW_SlasherClue	Pint-Sized Slasher Mask	MISC			-75871.921875	114068.664062	13416.643555	0090D398			
pint-sized-slasher-masks	008E069E	SDOW_SlasherClue	Pint-Sized Slasher Mask	MISC			-13540.747070	182476.562500	9161.679688	0090D39D			
pint-sized-slasher-masks	008E069E	SDOW_SlasherClue	Pint-Sized Slasher Mask	MISC			165578.203125	215533.562500	23590.765625	0090D3A2			
pint-sized-slasher-masks	008E069E	SDOW_SlasherClue	Pint-Sized Slasher Mask	MISC			134336.421875	179217.062500	18972.343750	0090D3A3			
pint-sized-slasher-masks	008E069E	SDOW_SlasherClue	Pint-Sized Slasher Mask	MISC			135962.000000	178784.031250	18873.710937	0090D3A8			
pint-sized-slasher-masks	008E069E	SDOW_SlasherClue	Pint-Sized Slasher Mask	MISC			100945.312500	45838.691406	28752.605468	0090D3BA			
pint-sized-slasher-masks	008E069E	SDOW_SlasherClue	Pint-Sized Slasher Mask	MISC			-79135.828125	9545.500977	12784.891602	0090D3BE			
pint-sized-slasher-masks	008E069E	SDOW_SlasherClue	Pint-Sized Slasher Mask	MISC			-82759.492187	9318.172851	12556.925781	0090D3C3			
pint-sized-slasher-masks	008E069E	SDOW_SlasherClue	Pint-Sized Slasher Mask	MISC			-76994.820313	12792.739258	12480.341796	0090D3C5			
pint-sized-slasher-masks	008E069E	SDOW_SlasherClue	Pint-Sized Slasher Mask	MISC			87557.218750	129073.898437	34222.589844	0090D4D3			
pint-sized-slasher-masks	008E069E	SDOW_SlasherClue	Pint-Sized Slasher Mask	MISC			85389.539062	128739.132813	34609.617188	0090D4D7			
pint-sized-slasher-masks	008E069E	SDOW_SlasherClue	Pint-Sized Slasher Mask	MISC			85395.382812	133541.375000	34432.371094	0090D4DC			
pint-sized-slasher-masks	008E069E	SDOW_SlasherClue	Pint-Sized Slasher Mask	MISC			97526.046875	144004.062500	26127.058594	0090D4E8			
pint-sized-slasher-masks	008E069E	SDOW_SlasherClue	Pint-Sized Slasher Mask	MISC			97300.609375	143024.125000	26537.300781	0090D4EC			
pint-sized-slasher-masks	008E069E	SDOW_SlasherClue	Pint-Sized Slasher Mask	MISC			-24172.769531	-109929.093750	25618.746093	0090D4F0			
pint-sized-slasher-masks	008E069E	SDOW_SlasherClue	Pint-Sized Slasher Mask	MISC			-22568.410156	-107631.132812	25513.037110	0090D4F7			
pint-sized-slasher-masks	008E069E	SDOW_SlasherClue	Pint-Sized Slasher Mask	MISC			-21470.972656	-110134.804688	25619.076172	0090D4FB			
pint-sized-slasher-masks	008E069E	SDOW_SlasherClue	Pint-Sized Slasher Mask	MISC			-67618.343750	183598.687500	8026.251953	0090D4FF			
pint-sized-slasher-masks	008E069E	SDOW_SlasherClue	Pint-Sized Slasher Mask	MISC			-68201.546875	184238.578125	8041.392578	0090D503			
pint-sized-slasher-masks	008E069E	SDOW_SlasherClue	Pint-Sized Slasher Mask	MISC			51984.347656	53071.164062	25061.136719	0091E6C1			
pint-sized-slasher-masks	008E069E	SDOW_SlasherClue	Pint-Sized Slasher Mask	MISC			-195717.578125	7864.876465	2452.378418	0091E6C4			
pint-sized-slasher-masks	008E069E	SDOW_SlasherClue	Pint-Sized Slasher Mask	MISC			-194922.078125	6521.497071	2405.276856	0091E6C9			
pint-sized-slasher-masks	008E069E	SDOW_SlasherClue	Pint-Sized Slasher Mask	MISC			-231574.750000	157898.750000	6829.058106	0091E6CC			
pint-sized-slasher-masks	008E069E	SDOW_SlasherClue	Pint-Sized Slasher Mask	MISC			-72406.992187	-114647.835938	20788.972657	0091E6CF			
pint-sized-slasher-masks	008E069E	SDOW_SlasherClue	Pint-Sized Slasher Mask	MISC			-83459.265625	-112053.750000	18792.849610	0091E6D0			
pint-sized-slasher-masks	008E069E	SDOW_SlasherClue	Pint-Sized Slasher Mask	MISC			-83988.835938	-116099.289063	18826.845703	0091E6D4			
pint-sized-slasher-masks	008E069E	SDOW_SlasherClue	Pint-Sized Slasher Mask	MISC			56189.421875	53803.531250	25206.867187	0091E6DF			
