NPC_FormID	NPC_EDID	NPC_FULL	NPC_SHRT	TPLT_FormID	TPLT_EDID	MerchantFaction_FormID	MerchantFaction_EDID	VendorFlags	BuySellList_FormID	BuySellList_EDID	BuySellList_Sig	MerchantContainerRef_FormID	MerchantContainerBase_FormID	MerchantContainerBase_EDID	PlacementCount
0006C507	CUT_EncBrahminClarabell	Clarabell		00020480	EncBrahmin01Template	000330BB	DomesticAnimalFaction								0
0002F824	CUT_EncBrahminRosie	Rosie		00020480	EncBrahmin01Template	000330BB	DomesticAnimalFaction								0
00079304	DebugJPCitizen	Resident				000035DE	GenericNPCFaction								0
000995A6	AudioTemplateBrahmin	Brahmin				000330BB	DomesticAnimalFaction								0
0009DCBC	AudioTemplateRadStag	AudioTemplateRadstag				000330BB	DomesticAnimalFaction								0
00110043	EncRaiderVoiceMale01	Raider				000392FA	RERaiderScavengerFaction								0
00110044	EncRaiderVoiceMale02	Raider				000392FA	RERaiderScavengerFaction								0
00110045	EncRaiderVoiceFemale01	Raider				000392FA	RERaiderScavengerFaction								0
00113340	corpse_NPCMaleFarmer01Template	Civilian		000A0E2F	Loot_CorpseBase	00062555	WorkshopVendorFactionMisc					001B2C15	0010FCC2	WorkshopVendorChestMisc01	1
00113343	corpse_NPCMaleFarmer02			00113340	corpse_NPCMaleFarmer01Template	00062555	WorkshopVendorFactionMisc					001B2C15	0010FCC2	WorkshopVendorChestMisc01	1
00113344	corpse_NPCMaleFarmer03			00113340	corpse_NPCMaleFarmer01Template	00062555	WorkshopVendorFactionMisc					001B2C15	0010FCC2	WorkshopVendorChestMisc01	1
00113345	corpse_NPCMaleFarmer04			00113340	corpse_NPCMaleFarmer01Template	00062555	WorkshopVendorFactionMisc					001B2C15	0010FCC2	WorkshopVendorChestMisc01	1
00113346	corpse_NPCFemaleFarmer01Template			00113340	corpse_NPCMaleFarmer01Template	00062555	WorkshopVendorFactionMisc					001B2C15	0010FCC2	WorkshopVendorChestMisc01	1
00113347	corpse_NPCFemaleFarmer02			00113340	corpse_NPCMaleFarmer01Template	00062555	WorkshopVendorFactionMisc					001B2C15	0010FCC2	WorkshopVendorChestMisc01	1
00113348	corpse_NPCFemaleFarmer03			00113340	corpse_NPCMaleFarmer01Template	00062555	WorkshopVendorFactionMisc					001B2C15	0010FCC2	WorkshopVendorChestMisc01	1
00113349	corpse_NPCFemaleFarmer04			00113340	corpse_NPCMaleFarmer01Template	00062555	WorkshopVendorFactionMisc					001B2C15	0010FCC2	WorkshopVendorChestMisc01	1
0011334A	corpse_NPCMaleGuard01Template			00113340	corpse_NPCMaleFarmer01Template	00062555	WorkshopVendorFactionMisc					001B2C15	0010FCC2	WorkshopVendorChestMisc01	1
0011334B	corpse_NPCMaleGuard02			00113340	corpse_NPCMaleFarmer01Template	00062555	WorkshopVendorFactionMisc					001B2C15	0010FCC2	WorkshopVendorChestMisc01	1
0011334C	corpse_NPCFemaleGuard02			00113340	corpse_NPCMaleFarmer01Template	00062555	WorkshopVendorFactionMisc					001B2C15	0010FCC2	WorkshopVendorChestMisc01	1
0011334D	corpse_NPCFemaleGuard01			00113340	corpse_NPCMaleFarmer01Template	00062555	WorkshopVendorFactionMisc					001B2C15	0010FCC2	WorkshopVendorChestMisc01	1
00114A65	WorkshopBrahmin	Brahmin		00020480	EncBrahmin01Template	000330BB	DomesticAnimalFaction								0
00114A66	WorkshopCaravanBrahmin			0014055E	EncBrahminPack	000330BB	DomesticAnimalFaction								0
0014055E	EncBrahminPack	Pack Brahmin		00020480	EncBrahmin01Template	000330BB	DomesticAnimalFaction								0
00176337	WorkshopDog	Junkyard Dog		00230793	EncGuardDogTemplate	000330BB	DomesticAnimalFaction								0
001C2689	corpse_NPCFemaleFarmer05			00113340	corpse_NPCMaleFarmer01Template	00062555	WorkshopVendorFactionMisc					001B2C15	0010FCC2	WorkshopVendorChestMisc01	1
001C268A	corpse_NPCFemaleFarmer06			00113340	corpse_NPCMaleFarmer01Template	00062555	WorkshopVendorFactionMisc					001B2C15	0010FCC2	WorkshopVendorChestMisc01	1
001C268B	corpse_NPCFemaleFarmer07			00113340	corpse_NPCMaleFarmer01Template	00062555	WorkshopVendorFactionMisc					001B2C15	0010FCC2	WorkshopVendorChestMisc01	1
001C268C	corpse_NPCFemaleFarmer08			00113340	corpse_NPCMaleFarmer01Template	00062555	WorkshopVendorFactionMisc					001B2C15	0010FCC2	WorkshopVendorChestMisc01	1
001C268D	corpse_NPCFemaleGuard03			00113340	corpse_NPCMaleFarmer01Template	00062555	WorkshopVendorFactionMisc					001B2C15	0010FCC2	WorkshopVendorChestMisc01	1
001C268E	corpse_NPCFemaleGuard04			00113340	corpse_NPCMaleFarmer01Template	00062555	WorkshopVendorFactionMisc					001B2C15	0010FCC2	WorkshopVendorChestMisc01	1
001C268F	corpse_NPCMaleFarmer05			00113340	corpse_NPCMaleFarmer01Template	00062555	WorkshopVendorFactionMisc					001B2C15	0010FCC2	WorkshopVendorChestMisc01	1
001C2690	corpse_NPCMaleFarmer06			00113340	corpse_NPCMaleFarmer01Template	00062555	WorkshopVendorFactionMisc					001B2C15	0010FCC2	WorkshopVendorChestMisc01	1
001C2691	corpse_NPCMaleFarmer07			00113340	corpse_NPCMaleFarmer01Template	00062555	WorkshopVendorFactionMisc					001B2C15	0010FCC2	WorkshopVendorChestMisc01	1
001C2692	corpse_NPCMaleFarmer08			00113340	corpse_NPCMaleFarmer01Template	00062555	WorkshopVendorFactionMisc					001B2C15	0010FCC2	WorkshopVendorChestMisc01	1
001C2693	corpse_NPCMaleGuard03			00113340	corpse_NPCMaleFarmer01Template	00062555	WorkshopVendorFactionMisc					001B2C15	0010FCC2	WorkshopVendorChestMisc01	1
001C2694	corpse_NPCMaleGuard04			00113340	corpse_NPCMaleFarmer01Template	00062555	WorkshopVendorFactionMisc					001B2C15	0010FCC2	WorkshopVendorChestMisc01	1
001C4033	LvlMerchant	Trader		00564200	LCharSettler	000035DE	GenericNPCFaction								0
001C98E8	test_FurnitureTesterFemale	Furniture Tester				000035DE	GenericNPCFaction								0
00237B66	corpse_NPCMaleFarmer09			00113340	corpse_NPCMaleFarmer01Template	00062555	WorkshopVendorFactionMisc					001B2C15	0010FCC2	WorkshopVendorChestMisc01	1
00237B67	corpse_NPCFemaleFarmer09			00113340	corpse_NPCMaleFarmer01Template	00062555	WorkshopVendorFactionMisc					001B2C15	0010FCC2	WorkshopVendorChestMisc01	1
0000E423	DebugKurtActor	Preston Garvey				00019C21	DebugKurtFaction								0
0010A3BC	Lvl_MTR08_AutoMiner	Auto-Miner	Auto-Miner	001D779F	LCharProtectronConstruction01	0010A3D6	MTR08_AutoMinerFaction								0
00112BEE	EncRadAnt01Template	Small Forager Ant	Radant			00113EB8	DLC04RadAntFriendFaction								0
00112C7E	DLC04EncBrahmiluff01Template	Brahmiluff Shorthorn				000330BB	DomesticAnimalFaction								0
00112C86	DLC04EncBrahmiluff02	Brahmiluff		00112C7E	DLC04EncBrahmiluff01Template	000330BB	DomesticAnimalFaction								0
00112C87	DLC04EncBrahmiluff03	Brahmiluff Longhorn		00112C7E	DLC04EncBrahmiluff01Template	000330BB	DomesticAnimalFaction								0
00112EF5	LvlRadAnt			00112EF6	LCharRadAnt	00113EB8	DLC04RadAntFriendFaction								0
001131D4	EncRadAnt03_Glowing	Small Glowing Ant	Radant	00112BEE	EncRadAnt01Template	00113EB8	DLC04RadAntFriendFaction								0
001131D5	EncRadAnt02	Small Soldier Ant	Radant	00112BEE	EncRadAnt01Template	00113EB8	DLC04RadAntFriendFaction								0
001131D9	EncRadAnt04	Forager Ant	Radant	00112BEE	EncRadAnt01Template	00113EB8	DLC04RadAntFriendFaction								0
001131DA	EncRadAnt05	Soldier Ant	Radant	00112BEE	EncRadAnt01Template	00113EB8	DLC04RadAntFriendFaction								0
001131DB	EncRadAnt06_Glowing	Glowing Ant	Radant	00112BEE	EncRadAnt01Template	00113EB8	DLC04RadAntFriendFaction								0
001131DC	EncRadAnt07	Overgrown Forager Ant	Radant	00112BEE	EncRadAnt01Template	00113EB8	DLC04RadAntFriendFaction								0
001131DD	EncRadAnt08	Overgrown Soldier Ant	Radant	00112BEE	EncRadAnt01Template	00113EB8	DLC04RadAntFriendFaction								0
001131DE	EncRadAnt09_Glowing	Overgrown Glowing Ant	Radant	00112BEE	EncRadAnt01Template	00113EB8	DLC04RadAntFriendFaction								0
00113257	DLC04LvlBrahmiluff			00113256	LCharBrahmiluff	000330BB	DomesticAnimalFaction								0
00114934	DLC04LvlBrahmiluffMarket			00113256	LCharBrahmiluff	000330BB	DomesticAnimalFaction								0
00114935	DLC04EncBrahmiluffMarket	Brahmiluff		00112C7E	DLC04EncBrahmiluff01Template	000330BB	DomesticAnimalFaction								0
00275BC6	SFZ08_Fear_Beckham	Beckham		0014F6E5	LCharMrHandy_Saw	00528537	SFZ08_Fear_Vendor_Faction					00528539	00528538	SFZ08_Fear_VendorChest_General	1
0018E0BE	SFS02_Play_Chloe	Chloe		00157C9A	LvlMrHandy_Standard	00106C31	PlayerFriendFaction								0
00268082	TW009Curator	Prickett's Fort Curator	Curator	00157C9D	LCharMrHandy_Standard	00106C31	PlayerFriendFaction								0
0023C83B	TW010_MrHandyCook	Hemlock Holes Cook	Cook	0014F6E4	LCharMrHandy_Flamer	00106C31	PlayerFriendFaction								0
0017F096	GQ_SuperMutantMerchant_Grahm	Grahm		000F7589	LvlSupermutantGrenade	004ED4D0	GQ10_SupermutantMerchantVendorFaction		00022CE5	VendorItemsMisc	FLST	004ED4D2	004ED4D1	GQ_10_VendorChest_Travelling_Workshops	1
001949E0	GQ_Brahmin_ChallyMooMoo	Chally the Moo-Moo		0014055E	EncBrahminPack	000330BB	DomesticAnimalFaction								0
002B12A4	LvlMainTurretStandingCart_NonHostile			00124767	LCharTurretStandingCart_Normal	00106C31	PlayerFriendFaction								0
002B12A5	LvlMainTurretTripod_NonHostile			0011131F	LCharTurretTripod_Normal	00106C31	PlayerFriendFaction								0
002B12A6	LvlMainTurretTripodMounted_NonHostile			00116667	LCharTurretTripodMounted_Normal	00106C31	PlayerFriendFaction								0
002B12A7	LvlMainTurretBubble_NonHostile			00111321	LCharTurretBubble_Normal	00106C31	PlayerFriendFaction								0
002B12A8	LvlSubTurretStandingCart_NonHostile			00124767	LCharTurretStandingCart_Normal	00106C31	PlayerFriendFaction								0
002B12A9	LvlSubTurretTripod_NonHostile			0011131F	LCharTurretTripod_Normal	00106C31	PlayerFriendFaction								0
002B12AA	LvlSubTurretTripodMounted_NonHostile			00116667	LCharTurretTripodMounted_Normal	00106C31	PlayerFriendFaction								0
002B12AB	LvlSubTurretBubble_NonHostile			00111321	LCharTurretBubble_Normal	00106C31	PlayerFriendFaction								0
002B131A	EncTEMPLATE_Turret_FactionMutations					002B1319	MutationsFaction								0
002B1323	EncTEMPLATE_Turret_FactionSwamp					002B1321	SwampCreatureFaction								0
002B1325	EncTEMPLATE_Turret_PlayerAllied					00106C31	PlayerFriendFaction								0
0027BA32	LC043_LvlMainTurretTripod_NonHostileRepairable_NoNativeTerminal	Machinegun Turret Mk I	Turret	0011131F	LCharTurretTripod_Normal	00106C31	PlayerFriendFaction								0
0027BA33	LC043_LvlMainTurretTripodMounted_NonHostileRepairable	Machinegun Turret Mk I	Turret	00116667	LCharTurretTripodMounted_Normal	00106C31	PlayerFriendFaction								0
0027BA34	LC043_LvlMainTurretBubble_NonHostileRepairable_NoNativeTerminal	Machine Gun Turret	Turret	00111321	LCharTurretBubble_Normal	00106C31	PlayerFriendFaction								0
002C0897	FFZ16_Swatter_Vertbird	Survey Vertibot	Vertibot	00110300	LvlVertibird	00106C2F	PlayerEnemyFaction								0
00019282	FSS02_Vigilant_Rover	Rover	Rover	0007E755	LvlEyeBotFreeStates	002E5B26	FSS02_Vigilant_RoverFaction								0
002E5B2B	DebugCorrieEyebot	Test		000EFBB4	LvlEyeBot	00106C31	PlayerFriendFaction								0
00058568	LvlEyeBotResponder	Responder EyeBot	EyeBot	000EFBB4	LvlEyeBot	003C6835	ResponderFaction								0
00090659	LvlProtectronResponderMedic	Responder Protectron	Protectron	00106B07	LvlProtectron	003C6835	ResponderFaction								0
00117139	DebugCorrieHandy	TestMrHandy	TestHandy	00157C9D	LCharMrHandy_Standard	00106C31	PlayerFriendFaction								0
0004E590	MTNZ05_MrHandyMessenger	Mr. Messenger	Messenger	00157C9D	LCharMrHandy_Standard	00370B89	MTNZ05MessengerFaction								0
0022278B	CB04_CorpseSaboteur	Scott Turner		00113340	corpse_NPCMaleFarmer01Template	00062555	WorkshopVendorFactionMisc					001B2C15	0010FCC2	WorkshopVendorChestMisc01	1
0004A552	TestMandiNPC001	Theater Usher	Usher			00106C31	PlayerFriendFaction								0
003298EE	Lvl_MTR08_Mine01_AutoMiner_Joel	Auto-Miner #J03-L	J03-L	0010A3BC	Lvl_MTR08_AutoMiner	0010A3D6	MTR08_AutoMinerFaction								0
003298EF	Lvl_MTR08_Mine01_AutoMiner_Deb	Auto-Miner #D3-B	#D3-B	0010A3BC	Lvl_MTR08_AutoMiner	0010A3D6	MTR08_AutoMinerFaction								0
003298F0	Lvl_MTR08_Mine01_AutoMiner_Hank	Auto-Miner #H4N-K	#H4N-K	0010A3BC	Lvl_MTR08_AutoMiner	0010A3D6	MTR08_AutoMinerFaction								0
003298F1	Lvl_MTR08_Mine02_AutoMiner_Duke	Auto-Miner DU-K3	DU-K3	0010A3BC	Lvl_MTR08_AutoMiner	0010A3D6	MTR08_AutoMinerFaction								0
003298F2	Lvl_MTR08_Mine02_AutoMiner_Jewel	Auto-Miner J-0ULE	J-0ULE	0010A3BC	Lvl_MTR08_AutoMiner	0010A3D6	MTR08_AutoMinerFaction								0
003298F3	Lvl_MTR08_Mine02_AutoMiner_Larry	Auto-Miner L4R-E	L4R-E	0010A3BC	Lvl_MTR08_AutoMiner	0010A3D6	MTR08_AutoMinerFaction								0
0032CE24	QAVendorActor	w00by	Vendor			0032CE22	QAVendorFaction		00022CE5	VendorItemsMisc	FLST	0032CE27	0032CE26	QAVendorChest	1
0033D909	MTR10SentryBot01	Hornwright Security Robot		003E3CEF	EncSentryBot01Strikebreaker	004ED9B9	MTR10RobotFaction								0
003472ED	Crutchley	Crutchley	Crutchley	0014F6E4	LCharMrHandy_Flamer	00106C31	PlayerFriendFaction								0
0034A49A	TW009UnionGuide	Union Guide		00157C9D	LCharMrHandy_Standard	00106C31	PlayerFriendFaction								0
0034A48A	TW009ConfederateGuide	Confederate Guide		00157C9D	LCharMrHandy_Standard	00106C31	PlayerFriendFaction								0
0034C7D9	test_DefaultBehaviorTestEnemy			0008E624	LvlScorchedMelee	0034C787	test_DefaultBehaviorTestEnemyFaction								3
00354E55	SF06LvlProtectronGreeter			00106B07	LvlProtectron	00354E56	SF06_CINDYGreeterFaction								0
00354E48	SF06_TurretBubble			00111321	LCharTurretBubble_Normal	00354E4B	SF06_CINDYFaction								0
0035EC42	RE_ObjectMP04_SurvivorCorpseMale	Settler		001C2691	corpse_NPCMaleFarmer07	00062555	WorkshopVendorFactionMisc					001B2C15	0010FCC2	WorkshopVendorChestMisc01	1
0035EC41	RE_ObjectMP05_SurvivorCorpseFemale	Civilian		001C2691	corpse_NPCMaleFarmer07	00062555	WorkshopVendorFactionMisc					001B2C15	0010FCC2	WorkshopVendorChestMisc01	1
00364B3D	TW003_Turret	Machinegun Turret Mk I	Turret	00116667	LCharTurretTripodMounted_Normal	00106C31	PlayerFriendFaction								0
00368F8A	encMrGutsy01Responder	Responder Mr. Gutsy	Mr. Gutsy			003C6835	ResponderFaction								0
00368F90	Loot_CorpseRobotProtectronReponderMedic	Responder Protectron	Protectron	00106B09	EncProtectron01Template	003C6835	ResponderFaction								0
00368F8D	LvlProtectronResponderFireman	Responder Protectron	Protectron	00106B07	LvlProtectron	003C6835	ResponderFaction								0
00368F92	LvlProtectronResponderBasic	Responder Protectron	Protectron	00106B07	LvlProtectron	003C6835	ResponderFaction								0
00368F8C	EncSentryBot01Responder	Responder Sentry Bot	Sentry Bot	000AE0BB	EncSentryBot01Template	003C6835	ResponderFaction								0
003706CE	76CharGenMrHandy			003EB326	LChar76CharGenMrHandy	00106C31	PlayerFriendFaction								0
0037D9BE	LC060_WhitespringVendor_CasualClothing_Flauresca	Flauresca		00181529	LC060_LvlAssaultronWhitespring_Standard	0037D9B7	LC060_WhitespringVendor_CasualClothing_Flauresca_Faction					00629E04	0037D936	LC060_WhitespringVendorChest_ClothingCasual	1
0037D9BC	LC060_WhitespringVendor_FormalClothing_Tweed	Tweed		001FC690	LC060_LvlProtectronWhitespring_Butler	0037D9B8	LC060_WhitespringVendor_FormalClothing_Tweed_Faction					00629E05	0037D934	LC060_WhitespringVendorChest_ClothingFormal	1
0037D9C0	LC060_WhitespringVendor_Pharmacy_DocStanley	Doc Stanley		0018152D	LC060_LvlProtectronWhitespring_Medic	0037D9B6	LC060_WhitespringVendor_Pharmacy_DocStanley_Faction					00629E0E	0037D92D	LC060_WhitespringVendorChest_Pharmacy	1
0037D9D3	LC060_WhitespringVendor_WeaponsAntiqueArms_Flintlock	Flintlock		003A2942	LC060_LvlMrGutsyWhitespring_White	0037D9D2	LC060_WhitespringVendor_WeaponsAntiqueArms_Flintlock_Faction					00629E13	0037D938	LC060_WhitespringVendorChest_WeaponsAntiqueArms	1
0037D9CA	LC060_WhitespringVendor_DiningRoom_MsWaitress	Ms Waitress		001FC69B	LC060_LvlMsNannyWhitespring_White	0037D973	LC060_WhitespringVendor_DiningRoom_Waiter_Faction					00629E14	0037D91C	LC060_WhitespringVendorChest_DiningRoom	1
0037D9C2	LC060_WhitespringVendor_DiningRoom_MrWaiter	Mr Waiter		001FC692	LC060_LvlMrHandyWhitespring_White_Standard	0037D973	LC060_WhitespringVendor_DiningRoom_Waiter_Faction					00629E14	0037D91C	LC060_WhitespringVendorChest_DiningRoom	1
0037D971	LC060_WhitespringVendor_JewelryAndAccessories_Helena	Helena		001FC69B	LC060_LvlMsNannyWhitespring_White	0037D9BA	LC060_WhitespringVendor_JewelryAndAccessories_Helena_Faction					00629E0A	0037D93A	LC060_WhitespringVendorChest_JewelryAndAccessories	1
0037D9CB	LC060_WhitespringVendor_SurvivalTraining_Friedrich	Friedrich		003A2942	LC060_LvlMrGutsyWhitespring_White	0037D9B3	LC060_WhitespringVendor_SurvivalTraining_Friedrich_Faction					00629E12	0037D947	LC060_WhitespringVendorChest_SurvivalTraining	1
0037D9BB	LC060_WhitespringVendor_SodaFountain_Bubbles	Bubbles	Bubbles	001FC69B	LC060_LvlMsNannyWhitespring_White	0037D9AD	LC060_WhitespringVendor_SodaFountain_Bubbles_Faction					00629E16	0037D92A	LC060_WhitespringVendorChest_SodaFountain	2
0037D9BF	LC060_WhitespringVendor_ArmorHuntingSupplies_Cunningham	Cunningham		001FC692	LC060_LvlMrHandyWhitespring_White_Standard	0037D9AF	LC060_WhitespringVendor_ArmorHuntingSupplies_Cunningham_Faction					00629E00	0037D93E	LC060_WhitespringVendorChest_ArmorHuntingSupplies	1
0037D9C1	LC060_WhitespringVendor_Newsstand_Alexis	Alexis		001FC69B	LC060_LvlMsNannyWhitespring_White	0037D9AE	LC060_WhitespringVendor_Newsstand_Alexis_Faction					00629E0D	0037D93C	LC060_WhitespringVendorChest_Newsstand	1
0037D9C7	LC060_WhitespringVendor_ArtGallery_Pendleton	Pendleton		00181611	LC060_LvlProtectronWhitespring_White	0037D9B5	LC060_WhitespringVendor_ArtGallery_Pendleton_Faction					00629E01	0037D948	LC060_WhitespringVendorChest_ArtGallery	1
0037D9C8	LC060_WhitespringVendor_GourmetFood_Marie	Marie		001FC69B	LC060_LvlMsNannyWhitespring_White	0037D9B2	LC060_WhitespringVendor_GourmetFood_Marie_Faction					00629E08	0037D942	LC060_WhitespringVendorChest_GourmetFood	1
0037D9AB	LC060_WhitespringVendor_LobbyBar_Tannin	Tannin		001FC690	LC060_LvlProtectronWhitespring_Butler	0037D9AC	LC060_WhitespringVendor_LobbyBar_Tannin_Faction					00629E15	0037D925	LC060_WhitespringVendorChest_LobbyBar	2
0037D9C3	LC060_WhitespringVendor_ChildrensStore_Capn	Cap'n		00181611	LC060_LvlProtectronWhitespring_White	0037D9B0	LC060_WhitespringVendor_ChildrensStore_Capn_Faction					00629E03	0037D940	LC060_WhitespringVendorChest_ChildrensStore	1
0037D9C9	LC060_WhitespringVendor_GourmetRecipes_Antoine	Antoine		0018152E	LC060_LvlProtectronWhitespring_Chef	0037D9B1	LC060_WhitespringVendor_GourmetRecipes_Antoine_Faction					00629E09	0037D944	LC060_WhitespringVendorChest_GourmetRecipes	1
0038799E	MothmanWiseActor	Wise Mothman				00528CEF	FFZ10_Light_WiseMothmanFaction								0
003C045F	test_Lvl_MTR08_AutoMiner_SitTEST	Auto-Miner	Auto-Miner	001D779F	LCharProtectronConstruction01	0010A3D6	MTR08_AutoMinerFaction								0
003C17F4	LC096_MorgantownAirport_Vendor_Responders	Responder Vendor	Vendor	00090659	LvlProtectronResponderMedic	003C17EE	LC096_MorgantownAirport_Vendor_Responders_Faction					003C1806	003C17FA	LC096_MorgantownAirport_VendorChest_Responders	1
003C17E7	LC023_Charleston_Vendor_Responders	Vendor Bot Mack	Mack	00090659	LvlProtectronResponderMedic	003C17E8	LC023_Charleston_Vendor_Responders_Faction					003C1802	003C17E9	LC023_Charleston_VendorChest_Responders	1
003C17F1	LC019_CamdenPark_Vendor_Responders	Vendor Bot Chad	Chad	00090659	LvlProtectronResponderMedic	003C17EB	LC019_CamdenPark_Vendor_Responders_Faction					003C17FE	003C17F7	LC019_CamdenPark_VendorChest_Responders	1
003C17F2	LC051_Grafton_Vendor_Responders	Vendor Bot Greg	Greg	00090659	LvlProtectronResponderMedic	003C17EC	LC051_Grafton_Vendor_Responders_Faction					003C1800	003C17F8	LC051_Grafton_VendorChest_Responders	1
003C17F3	LC062_HarpersFerry_Vendor_FreeStates	Vendor Bot Wallace	Wallace	00106B07	LvlProtectron	003C17F0	LC062_HarpersFerry_Vendor_FreeStates_Faction					005C54DC	003C17F9	LC062_HarpersFerry_VendorChest_FreeStates	1
003C17F5	LC150_TopOfTheWorld_Vendor_Raiders	Vendor Bot Resin	Resin	00106B07	LvlProtectron	003C17ED	LC150_TopOfTheWorld_Vendor_Raiders_Faction					003C1808	003C17FB	LC150_TopOfTheWorld_VendorChest_Raiders	1
003C17F6	LC170_Watoga_Vendor_BoS	Vendor Bot Phoenix	Phoenix	00106B07	LvlProtectron	003C17EF	LC170_Watoga_Vendor_BoS_Faction					003C180A	003C17FC	LC170_Watoga_VendorChest_BoS	1
003DA73A	LvlNukeCodeOfficerScorched	Scorched		005A03BF	LvlScorched_InvType_Ranged	003E134D	Nuke_LaunchCardPatrolFaction								0
003DB3D9	EncBrahminWild			00020480	EncBrahmin01Template	000330BB	DomesticAnimalFaction								0
003EB325	76CharGenMrHandy_Template			00157C5F	EncMrHandy	00106C31	PlayerFriendFaction								0
004F67DF	RSVP03_Actor_Protectron_Volunteerbot	Mr. Fluffy		00106B09	EncProtectron01Template	003C6835	ResponderFaction								0
004F79F0	76CharGenMrHandy_Camp	Crowley		003EB326	LChar76CharGenMrHandy	00106C31	PlayerFriendFaction								0
004F79EC	76CharGenMrHandy_PerkBoard	Poole		003EB326	LChar76CharGenMrHandy	00106C31	PlayerFriendFaction								0
004F79EA	76CharGenMrHandy_Medicine	Cavendish		003EB326	LChar76CharGenMrHandy	00106C31	PlayerFriendFaction								0
004F79F1	76CharGenMrHandy_Weapon	Roisterson		003EB326	LChar76CharGenMrHandy	00106C31	PlayerFriendFaction								0
004F79EF	76CharGenMrHandy_Team	Merriman		003EB326	LChar76CharGenMrHandy	00106C31	PlayerFriendFaction								0
004F79EB	76CharGenMrHandy_Power	Higgenbottom		003EB326	LChar76CharGenMrHandy	00106C31	PlayerFriendFaction								0
004F79ED	76CharGenMrHandy_Goodbye	Alderton		003EB326	LChar76CharGenMrHandy	00106C31	PlayerFriendFaction								0
004F79EE	76CharGenMrHandy_Water	Worthy		003EB326	LChar76CharGenMrHandy	00106C31	PlayerFriendFaction								0
0051967B	DoNotUse_EncRadAntScorched	Scorched Ant	Radant	00112BEE	EncRadAnt01Template	00113EB8	DLC04RadAntFriendFaction								0
00525600	DebugCorrieEyebotFurniture	Test		000EFBB4	LvlEyeBot	00106C31	PlayerFriendFaction								0
00528CF0	RE_MothmanWiseActor			0038799E	MothmanWiseActor	00030BAC	REPlayerAlly								0
0052A680	test_QA_WeaponsVendor_Test	Vin		00157C9D	LCharMrHandy_Standard	0052A693	76QAWeapon_Vendor_Faction					0052A5FE	0052A695	76QAVendor_VendorChest_Weapons	1
0052A681	QA_ArmorVendor_Test	Daz		00157C9D	LCharMrHandy_Standard	0052A692	76QAArmor_Vendor_Faction					0052A5FD	0052A697	76QAVendor_VendorChest_Armor	1
0052EEC9	LvlNukeCodeOfficerFeralGhoul	Feral Ghoul		005196A9	LCharFeralGhoul_Normal	003E134D	Nuke_LaunchCardPatrolFaction								0
0030BAB0	ResponderBotBob	Vendor Bot Bob	Vendor Bot Bob	00106B09	EncProtectron01Template	003DB456	LC044_Flatwoods_Vendor_Responders_Faction					003DB45B	003DB455	LC044_Flatwoods_VendorChest_Responders	1
00018CEA	LC204_BrokenAutoMiner	Auto-Miner	Auto-Miner	001D779F	LCharProtectronConstruction01	0010A3D6	MTR08_AutoMinerFaction								0
00199F48	RS02_LvlMainTurretTripod_NonHostileRepairable_NoNativeTerminal	Machinegun Turret Mk I	Turret	0011131F	LCharTurretTripod_Normal	00106C31	PlayerFriendFaction								0
0033D18C	TestMoleratMeatAttracted			000342C8	LCharMolerat	0033D162	AttractedByMeatFaction								0
00309215	LvlProtectronStrikebreaker_Hostile	Protectron Strikebreaker		00106B07	LvlProtectron	00309393	RobotStrikebreakerFaction								0
00309214	LvlMrGutsyStrikebreaker	Mr. Gutsy Strikebreaker		00146CE3	LCharMrGutsy	00309393	RobotStrikebreakerFaction								0
00309213	LvlAssaultronStrikebreaker			00121D51	LCharAssaultron_Normal	00309393	RobotStrikebreakerFaction								0
00309216	LvlSentryBotStrikebreaker	Sentry Bot Strikebreaker		0012BC12	LCharSentryBot	00309393	RobotStrikebreakerFaction								0
004ECC78	RE_SceneBB02_MrVeterinarian	Mr Veterinarian		00157C9D	LCharMrHandy_Standard	0050FD12	RE_SceneBB02Faction								0
0031C8AE	RE_ObjectTS03_MrGutsy			00146CE3	LCharMrGutsy	0031C8AB	RE_ObjectTS03Robots								0
0031C8AD	RE_ObjectTS03_Assaultron			00121D51	LCharAssaultron_Normal	0031C8AB	RE_ObjectTS03Robots								0
0052F18E	RE_SceneBB02_Cat	Stray Cat	Cat	005C40F2	LvlCritterCat_NoActorCap	0050FD12	RE_SceneBB02Faction								0
004E0EC4	RE_TravelMD01_Eyebot			00058568	LvlEyeBotResponder	003C6835	ResponderFaction								0
004F6122	Loot_CorpseBrahmin	Brahmin		00020480	EncBrahmin01Template	000330BB	DomesticAnimalFaction								0
0037E1D2	RE_TravelTS01_ResponderProtectronVendor	Vendor Bot Responder	Protectron	00368F92	LvlProtectronResponderBasic	0037E1CF	RE_TravelTS01_Vendor_Faction					0037E1D4	0037E1CE	RE_TravelTS01_VendorChest_General	1
0037E1D1	RE_TravelTS01_EyebotGuard	EyeBot Guard	EyeBot	000EFBB4	LvlEyeBot	0037E1CF	RE_TravelTS01_Vendor_Faction					0037E1D4	0037E1CE	RE_TravelTS01_VendorChest_General	1
00020480	EncBrahmin01Template	Brahmin				000330BB	DomesticAnimalFaction								0
0003255F	test_FurnitureTester	Furniture Tester				000035DE	GenericNPCFaction								0
003E3CFE	EncSentryBot04Strikebreaker	Sentry Bot Strikebreaker		00216358	EncSentryBot04	00309393	RobotStrikebreakerFaction								0
003E3CF2	EncAssaultron01Strikebreaker	Assaultron Strikebreaker		00121D52	EncAssaultron01Template	00309393	RobotStrikebreakerFaction								0
003E3CF3	EncAssaultron02Strikebreaker	Assaultron Strikebreaker		000D8418	EncAssaultron02	00309393	RobotStrikebreakerFaction								0
003E3CEF	EncSentryBot01Strikebreaker	Sentry Bot Strikebreaker		000AE0BB	EncSentryBot01Template	00309393	RobotStrikebreakerFaction								0
003E3CF6	EncMrGutsy03Strikebreaker	Mr. Gutsy Strikebreaker		00146CE1	encMrGutsy03	00309393	RobotStrikebreakerFaction								0
003E3CFD	EncSentryBot03Strikebreaker	Sentry Bot Strikebreaker		00216357	EncSentryBot03	00309393	RobotStrikebreakerFaction								0
003E3CF5	EncMrGutsy02Strikebreaker	Mr. Gutsy Strikebreaker		00146CE0	encMrGutsy02	00309393	RobotStrikebreakerFaction								0
003E3CFB	EncProtectron05StrikebreakerHostile	Protectron Strikebreaker		004E0FA2	EncProtectron04Hostile	00309393	RobotStrikebreakerFaction								0
003E3CF1	EncMrGutsy01Strikebreaker	Mr. Gutsy Strikebreaker		00146CDF	encMrGutsy01Template	00309393	RobotStrikebreakerFaction								0
003E3CF9	EncProtectron03StrikebreakerHostile	Protectron Strikebreaker		003A55F8	EncProtectron03Hostile	00309393	RobotStrikebreakerFaction								0
003E3CF0	EncProtectron01StrikebreakerHostile	Protectron Strikebreaker		003A55F4	EncProtectron01Hostile	00309393	RobotStrikebreakerFaction								0
003E3CF7	EncMrGutsy04Strikebreaker	Mr. Gutsy Strikebreaker		00146CE2	encMrGutsy04	00309393	RobotStrikebreakerFaction								0
003E3CFC	EncSentryBot02Strikebreaker	Sentry Bot Strikebreaker		000CFB4A	EncSentryBot02	00309393	RobotStrikebreakerFaction								0
003E3CF4	EncAssaultron03Strikebreaker	Assaultron Strikebreaker		001C246B	EncAssaultron03	00309393	RobotStrikebreakerFaction								0
003E3CF8	EncProtectron02StrikebreakerHostile	Protectron Strikebreaker		003A55F7	EncProtectron02Hostile	00309393	RobotStrikebreakerFaction								0
003E3CFA	EncProtectron04StrikebreakerHostile	Protectron Strikebreaker		004E0FA2	EncProtectron04Hostile	00309393	RobotStrikebreakerFaction								0
003D83BA	Loot_CorpseSentryBot01Strikebreaker	Sentry Bot Strikebreaker		000AE0BB	EncSentryBot01Template	00309393	RobotStrikebreakerFaction								0
003D83B9	Loot_CorpseAssaultron01Strikebreaker	Assaultron Strikebreaker		00121D52	EncAssaultron01Template	00309393	RobotStrikebreakerFaction								0
003CF55A	MTR08_Loot_CorpseAutoMiner	Auto-Miner	Auto-Miner	001D77A0	EncProtectronConstruction01	0010A3D6	MTR08_AutoMinerFaction								0
003D00DD	MTR11_AutoMiner_A	Auto-Miner "Alan"	Auto-Miner	001D779F	LCharProtectronConstruction01	0010A3D6	MTR08_AutoMinerFaction								0
003D00E0	MTR11_AutoMiner_C	Auto-Miner "Carlos"	Auto-Miner	001D779F	LCharProtectronConstruction01	0010A3D6	MTR08_AutoMinerFaction								0
003D00DF	MTR11_AutoMiner_B	Auto-Miner "Benny"	Auto-Miner	001D779F	LCharProtectronConstruction01	0010A3D6	MTR08_AutoMinerFaction								0
004FC024	RE_ObjectMP01_Loot_Corpse			00113340	corpse_NPCMaleFarmer01Template	00062555	WorkshopVendorFactionMisc					001B2C15	0010FCC2	WorkshopVendorChestMisc01	1
004FC02D	RE_ObjectMP02_Corpse_RSVP_ResponderVolunteer			001C2691	corpse_NPCMaleFarmer07	00062555	WorkshopVendorFactionMisc					001B2C15	0010FCC2	WorkshopVendorChestMisc01	1
00430332	POI095_WhitespringStation_Vendor_Neutral	The Whitespring Station Vendor	Vendor	001FC690	LC060_LvlProtectronWhitespring_Butler	004FE470	POI095_WhitespringStation_Vendor_Whitespring_Faction					00430334	004FDEED	POI095_WhitespringStation_VendorChest_Whitespring	1
0043036E	POI089_CharlestonStation_Vendor_Responders	Vendor Bot Responder	Vendor	00090659	LvlProtectronResponderMedic	004FE46A	POI089_CharlestonStation_Vendor_Responders_Faction					00430370	004FDEE7	POI089_CharlestonStation_VendorChest_Responders	1
00430336	POI088_SuttonStation_Vendor_Raiders	Vendor Bot Raider	Vendor	00106B07	LvlProtectron	004FE46B	POI088_SuttonStation_Vendor_Raiders_Faction					00430337	004FDEE6	POI088_SuttonStation_VendorChest_Raiders	1
00430342	POI096_R&GStation_Vendor_Raiders	Vendor Bot Raider	Vendor	00106B07	LvlProtectron	004FE471	POI096_RandGStation_Vendor_Raiders_Faction					00430344	004FDEEE	POI096_RandGStation_VendorChest_Raiders	1
00430367	POI087_MorgantownStation_Vendor_Responders	Vendor Bot Responder	Vendor	00090659	LvlProtectronResponderMedic	004FE469	POI087_MorgantownStation_Vendor_Responders_Faction					0043036B	004FDEE5	POI087_MorgantownStation_VendorChest_Responders	1
0043037A	POI091_LewisburgStation_Vendor_Responders	Vendor Bot Responder	Vendor	00090659	LvlProtectronResponderMedic	004FE46D	POI091_LewisburgStation_Vendor_Responders_Faction					0043037D	004FDEE9	POI091_LewisburgStation_VendorChest_Responders	1
0043033E	POI094_PleasantValleyStation_Vendor_Raiders	Vendor Bot Raider	Vendor	00106B07	LvlProtectron	004FE46F	POI094_PlesantValleyStation_Vendor_Raiders_Faction					0043033F	004FDEEC	POI094_PlesantValleyStation_VendorChest_Raiders	1
00430376	POI090_WelchStation_Vendor_Responders	Vendor Bot Responder	Vendor	00090659	LvlProtectronResponderMedic	004FE46C	POI090_WelchStation_Vendor_Responders_Faction					00430378	004FDEE8	POI090_WelchStation_VendorChest_Responders	1
0043033A	POI093_SunnytopStation_Vendor_Raiders	Vendor Bot Raider	Vendor	00106B07	LvlProtectron	004FE46E	POI093_SunnytopStation_Vendor_Raiders_Faction					0043033B	004FDEEB	POI093_SunnytopStation_VendorChest_Raiders	1
0043032D	POI092_WatogaStation_Vendor_Neutral	Watoga Vendor Bot	Vendor	0037A28F	LvlProtectronWatogaGovt	004FE472	POI092_WatogaStation_Vendor_Neutral_Faction					0043032F	004FDEEA	POI092_WatogaStation_VendorChest_Neutral	1
00430363	POI086_GraftonStation_Vendor_Responders	Vendor Bot Responder	Vendor	00090659	LvlProtectronResponderMedic	004FE468	POI086_GraftonStation_Vendor_Responders_Faction					00430366	004FDEE4	POI086_GraftonStation_VendorChest_Responders	1
0049865F	E01B_Herd_BrahminForest	Brahmin		00020480	EncBrahmin01Template	000330BB	DomesticAnimalFaction								0
0049508C	MTR08_Loot_CorpseAutoMinerEmpty	Auto-Miner	Auto-Miner	001D77A0	EncProtectronConstruction01	0010A3D6	MTR08_AutoMinerFaction								0
00481F11	RE_ObjectDWD01_EncMrHandy	Mr. Squeeze		00157C9A	LvlMrHandy_Standard	00481F0D	RE_ObjectDWD01_Faction					0045CB9C	0045CB9B	RE_ObjectDWD01_VendorChest_General	1
0045EC26	RE_SceneCMB02_Brahmin	Brahmin		00020480	EncBrahmin01Template	000330BB	DomesticAnimalFaction								0
0046DBE1	LvlAlbinoRadStag	Albino Radstag	Radstag	00090E56	LCharCritterRadStag	003F2DC6	AlbinoRadstagFaction								0
003EC2AD	P02T_MarshallFetchQuest_Ernesto	Ernesto		00157C9D	LCharMrHandy_Standard	00106C31	PlayerFriendFaction								0
003EC5C8	DELETED_UD001_LvlMainTurretBubble	Machine Gun Turret	Turret	00111321	LCharTurretBubble_Normal	00106C31	PlayerFriendFaction								0
003EC5B3	UD001_LvlMainTurretTripodMounted_NonHostileRepairable	Machinegun Turret Mk I	Turret	00116667	LCharTurretTripodMounted_Normal	00106C31	PlayerFriendFaction								0
003EC5D8	_DELETE_LvlMainTurretBubble	Machinegun Turret Mk I	Turret	00111321	LCharTurretBubble_Normal	00106C31	PlayerFriendFaction								0
003F878E	LGV01_MoleMiner	Purveyor Murmrgh	Murmrgh			003FEC8D	LGV01_MoleMiner_VendorFaction					0059A658	003FEC8C	LGV01_MoleMiner_VendorChest	1
003FBC03	W05_Raider_Molly	Molly	Molly	005A1FE1	LCharRaider_Crater	004270EE	W05_Molly_Vendor_Raiders_Faction					004270EA	004270E8	W05_Raiders_VendorChest_Molly	1
003FBC06	W05_Raider_AeRi	Ae-Ri	Ae-Ri			004270E9	W05_AeRi_Vendor_Raiders_Faction					004270EC	004270E6	W05_Raiders_VendorChest_AeRi	1
003FBC05	W05_Raider_Raf	Raf	Raf	00022E48	LCharRaider	004270ED	W05_Raf_Vendor_Raiders_Faction					004270EB	004270E7	W05_Raiders_VendorChest_Raf	1
00405EA1	W05_Wayward_Duchess	Duchess				0042B13A	W05_Wayward_VendorFaction_Duchess					0042B140	0042B139	W05_Wayward_VendorChest_Duchess	4
0040D4C5	W05_Raider_Chompkins	Chompkins	Chompkins	00230793	EncGuardDogTemplate	00106C31	PlayerFriendFaction								0
004124AD	LC060_WhitespringVendor_BoS	Brotherhood Vendor		00106B07	LvlProtectron	004124A7	LC060_WhitespringVendor_BoS_Faction					00629E02	004102AB	LC060_WhitespringVendorChest_BoS	1
004124AE	LC060_WhitespringVendor_Neutral	Shopping Mall Vendor		0037A28F	LvlProtectronWatogaGovt	004124AA	LC060_WhitespringVendor_Neutral_Faction					00629E0C	004102AF	LC060_WhitespringVendorChest_Neutral	1
004124B0	LC060_WhitespringVendor_Responders	Responders Vendor		00090659	LvlProtectronResponderMedic	004124AC	LC060_WhitespringVendor_Responders_Faction					00629E10	004102AC	LC060_WhitespringVendorChest_Responders	1
004124AF	LC060_WhitespringVendor_Raiders	Raiders Vendor		00106B07	LvlProtectron	004124AB	LC060_WhitespringVendor_Raiders_Faction					00629E0F	004102AD	LC060_WhitespringVendorChest_Raiders	1
004124A9	LC060_WhitespringVendor_FreeStates	Free States Vendor		00106B07	LvlProtectron	004124A8	LC060_WhitespringVendor_FreeStates_Faction					00629E07	004102AE	LC060_WhitespringVendorChest_FreeStates	1
004161D4	E01B_Herd_BrahminMountains	Brahmin		00020480	EncBrahmin01Template	000330BB	DomesticAnimalFaction								0
004161D5	E01B_Herd_BrahminMire	Brahmin		00020480	EncBrahmin01Template	000330BB	DomesticAnimalFaction								0
0041B858	W05_Raider_Aldridge	Aldridge		005647AD	LvlRaiderDUPLICATE000	00106C31	PlayerFriendFaction								0
0041CB3C	W05_Raider_Gail	Gail		0010924D	LvlSupermutantMinigun	00106C31	PlayerFriendFaction								1
0041F419	WorkshopTurretSpotlightWallOverseer	Spotlight - Wall-Mounted	Spotlight	00111320	EncTurretBubble_Template	000035DE	GenericNPCFaction								0
00424A5F	W05_Settler_Livestock_Brahmin			00020480	EncBrahmin01Template	000330BB	DomesticAnimalFaction								0
0042517C	W05_GoldVendor_Settler_Samuel	Samuel	Samuel	00564200	LCharSettler	0059672B	W05_Settler_Samuel_GoldVendorFaction					0059672E	0059672A	W05_Settler_Samuel_GoldVendorChest	7
00425182	W05_Settler_SunnyVendor_General	Sunny	Sunny	00090659	LvlProtectronResponderMedic	0059673F	W05_Settler_SunnyVendor_General_VendorFaction					00596743	0059673D	W05_Settler_SunnyVendor_General_VendorChest	1
004253A0	W05_Settler_SunnyVendor_Kitchen	Sunny	Sunny	00090659	LvlProtectronResponderMedic	00596740	W05_Settler_SunnyVendor_Kitchen_VendorFaction					00596745	0059673E	W05_Settler_SunnyVendor_Kitchen_VendorChest	2
0042539F	W05_Settler_SunnyVendor_Armory	Sunny	Sunny	00090659	LvlProtectronResponderMedic	00596732	W05_Settler_SunnyVendor_Armory_VendorFaction					0059673C	00596731	W05_Settler_SunnyVendor_Armory_VendorChest	1
00427126	W05_MQ_003P_Muscle_LvlMainTurretBubble_Hostile_Handy			00111321	LCharTurretBubble_Normal	00553846	W05_MQ_003P_Muscle_DuncanAndDuncan_HandyRoomFaction					0041A385	0041A335	W05_MQ_003P_Muscle_VendorChest_Skinner	1
00538358	W05_DialogueTestHandy			003EB326	LChar76CharGenMrHandy	00106C31	PlayerFriendFaction								0
0053878B	DebugDobert02_LvlProtectronConstruction_Hostile	Utility Protectron		001D779F	LCharProtectronConstruction01	0053878D	DebugDobert02_Robot_Faction					0045CB9C	0045CB9B	RE_ObjectDWD01_VendorChest_General	1
005427AE	W05_GoldVendor_SecretService_ReginaldStone	Regs				0057CE6B	W05_SecretService_Reginald_GoldVendorFaction					0057CE6F	0057CE6D	W05_SecretService_GoldVendorChest_Reginald	1
0055382C	W05_MQ_003P_Muscle_LvlMainTurretBubble_Hostile_Protecton			00111321	LCharTurretBubble_Normal	00427127	W05_MQ_003P_Muscle_DuncanAndDuncan_ProtectronRoomFaction					0041A385	0041A335	W05_MQ_003P_Muscle_VendorChest_Skinner	1
0055382E	W05_MQ_003P_Muscle_LvlProtectron			00106B08	LCharProtectron_Normal	00553845	W05_MQ_003P_Muscle_DuncanAndDuncan_AssaultronRoomFaction					0041A385	0041A335	W05_MQ_003P_Muscle_VendorChest_Skinner	1
0055382D	W05_MQ_003P_Muscle_LvlMainTurretBubble_Hostile_Assaultron			00111321	LCharTurretBubble_Normal	00553845	W05_MQ_003P_Muscle_DuncanAndDuncan_AssaultronRoomFaction					0041A385	0041A335	W05_MQ_003P_Muscle_VendorChest_Skinner	1
003F474D	EncRadAnt12	Venomous Glowing Ant	Radant	00112BEE	EncRadAnt01Template	00113EB8	DLC04RadAntFriendFaction								0
003F474B	EncRadAnt10	Venomous Forager Ant	Radant	00112BEE	EncRadAnt01Template	00113EB8	DLC04RadAntFriendFaction								0
003F474C	EncRadAnt11	Venomous Soldier Ant	Radant	00112BEE	EncRadAnt01Template	00113EB8	DLC04RadAntFriendFaction								0
003F474E	EncRadAnt13	Deadly Soldier Ant	Radant	00112BEE	EncRadAnt01Template	00113EB8	DLC04RadAntFriendFaction								0
003F474F	EncRadAnt14	Deadly Glowing Ant	Radant	00112BEE	EncRadAnt01Template	00113EB8	DLC04RadAntFriendFaction								0
003F7FF5	LvlRadAntGlowing			00519679	LCharRadAnt_Glowing	00113EB8	DLC04RadAntFriendFaction								0
00405CDC	LvlRadAnt_Vault			00519677	LCharRadAnt_Normal	00113EB8	DLC04RadAntFriendFaction								0
00559EE0	W05_COMP_Actor_Astronaut_Visitor_Emerson	Dr. Emerson Hale	Emerson			00106C31	PlayerFriendFaction								0
00560B14	E05_Caravan_Brahmin_Front	Blue Ridge Brahmin		0014055E	EncBrahminPack	000330BB	DomesticAnimalFaction								0
00562930	ZZZ_E05_Radiation_AntiRadEnemy	Anti-Rad Raider		00022E48	LCharRaider	000D356D	RaiderEnemyFaction								0
00562BAC	W05_RE_CampAF01_Merchant_Chems	Trader		00564200	LCharSettler	00562BAD	W05_RE_CampAF01_VendorFaction		00022CE5	VendorItemsMisc	FLST	00562BAF	00562BAE	W05_RE_CampAF01_Merchant_VendorChest_Chems	1
00563B2A	W05_COMP_Actor_Astronaut_Visitor_Vendor_Emerson			00559EE0	W05_COMP_Actor_Astronaut_Visitor_Emerson	00596E8B	COMP_VisitorVendor_Faction_Emerson					00596E95	00596E87	COMP_VisitorVendor_VendorChest_Emerson	1
00567E30	E05_Caravan_Brahmin_Back	Blue Ridge Brahmin		0014055E	EncBrahminPack	000330BB	DomesticAnimalFaction								0
00569CBE	W05_COMP_Actor_Beckett_Full	Beckett	Beckett	005A1FE1	LCharRaider_Crater	005A1FB1	COMP_VendorFaction_Beckett					005A1FAF	005A1FB2	COMP_VisitorVendor_VendorChest_Beckett	1
0056EFC8	E05_Caravan_Eugenie	Eugenie	Eugenie			00590B42	E05_Caravan_Eugenie_VendorFaction					00590B41	00590B40	E05_Caravan_VendorChest_Eugenie	3
0056F2CF	W05_RE_TravelBB01_LvlSettlerMale			00564200	LCharSettler	005A20B0	W05_RE_TravelBB01_Faction					0045CB9C	0045CB9B	RE_ObjectDWD01_VendorChest_General	1
0056F2D0	W05_RE_TravelBB01_SoundtrackBot	EyeBot	EyeBot	003D7509	LCharEyeBot_Normal	005A20B0	W05_RE_TravelBB01_Faction					0045CB9C	0045CB9B	RE_ObjectDWD01_VendorChest_General	1
00570D56	W05_MQS_202P_ActorSpy	Agent Mochou	Mochou			00062555	WorkshopVendorFactionMisc					001B2C15	0010FCC2	WorkshopVendorChestMisc01	2
00573CEB	W05_COMP_Actor_Generic_Visitor_Vendor_LvlVisitor	Traveling Merchant	Merchant	00564200	LCharSettler	00573CEA	W05_TravelingVendor_Vendor_Faction					00573CE7	00573CE6	COMP_VisitorVendor_VendorChest_General	1
00573F21	W05_RE_JP02_LvlBrahminPack	Pack Brahmin		0059D9CC	LCharBrahmin	000330BB	DomesticAnimalFaction								0
00574698	W05_COMP_Actor_Astronaut_Visitor_Vendor_Athena	A.T.H.E.N.A.	A.T.H.E.N.A.			00596E8A	COMP_VisitorVendor_Faction_Athena					00596E94	00596E86	COMP_VisitorVendor_VendorChest_Athena	1
0057502D	E05_Caravan_RudyFernandez	Rudy Fernandez	Rudy	00564200	LCharSettler	00590B3E	E05_Caravan_Rudy_VendorFaction					00590B3C	00590B3A	E05_Caravan_VendorChest_Rudy	3
0057502B	E05_Caravan_CarverTimmerman	Carver Timmerman	Carver	00564200	LCharSettler	00590B3F	E05_Caravan_Carver_VendorFaction					00590B3D	00590B3B	E05_Caravan_VendorChest_Carver	2
00582E2B	W05_COMP_Actor_Astronaut_Corpse_Crewmember_Male	Corpse		00113340	corpse_NPCMaleFarmer01Template	00062555	WorkshopVendorFactionMisc					001B2C15	0010FCC2	WorkshopVendorChestMisc01	1
0058736B	W05_GoldVendor_Raider_Mortimer	Mortimer		005A1FE1	LCharRaider_Crater	0058736D	W05_Raider_Mortimer_GoldVendorFaction					0058736F	0058736E	W05_Raiders_GoldVendorChest_Mortimer	1
00590370	W05_Livestock_Brahmin_Pen			00020480	EncBrahmin01Template	000330BB	DomesticAnimalFaction								0
00590FE8	DELETED_W05_COMP_Actor_Generic_Visitor_Vendor_Trader	Trader	Trader	00564200	LCharSettler	00573CEA	W05_TravelingVendor_Vendor_Faction					00573CE7	00573CE6	COMP_VisitorVendor_VendorChest_General	1
005913F0	W05_RE_CampAF04_Merchant_Clinic	Scavenger Trader		00564200	LCharSettler	00573CEA	W05_TravelingVendor_Vendor_Faction					00573CE7	00573CE6	COMP_VisitorVendor_VendorChest_General	1
0059193B	W05_RE_CampAF09_Merchant_Weapon	Scavenger Trader		00564200	LCharSettler	00573CEA	W05_TravelingVendor_Vendor_Faction					00573CE7	00573CE6	COMP_VisitorVendor_VendorChest_General	1
0059192F	W05_RE_CampAF05_Merchant_Armor	Scavenger Trader		00564200	LCharSettler	00573CEA	W05_TravelingVendor_Vendor_Faction					00573CE7	00573CE6	COMP_VisitorVendor_VendorChest_General	1
00591938	W05_RE_CampAF08_Merchant_Misc	Scavenger Trader		00564200	LCharSettler	00573CEA	W05_TravelingVendor_Vendor_Faction					00573CE7	00573CE6	COMP_VisitorVendor_VendorChest_General	1
00591932	W05_RE_CampAF06_Merchant_Food	Scavenger Trader		00564200	LCharSettler	00573CEA	W05_TravelingVendor_Vendor_Faction					00573CE7	00573CE6	COMP_VisitorVendor_VendorChest_General	1
00591933	W05_RE_CampAF07_Merchant_Clothing	Scavenger Trader		00564200	LCharSettler	00573CEA	W05_TravelingVendor_Vendor_Faction					00573CE7	00573CE6	COMP_VisitorVendor_VendorChest_General	1
00592874	DELETED_W05_COMP_Actor_Generic_Visitor_Vendor_Hunter	Hunter	Hunter	00564200	LCharSettler	00573CEA	W05_TravelingVendor_Vendor_Faction					00573CE7	00573CE6	COMP_VisitorVendor_VendorChest_General	1
00592873	W05_COMP_Actor_Beckett_Visitor_Vendor_Frankie	Frankie	Frankie	00587A26	W05_COMP_Actor_Beckett_BloodEagle_Frankie	00596E8D	COMP_VisitorVendor_Faction_Frankie					00596E97	00596E89	COMP_VisitorVendor_VendorChest_Sage	1
00594976	W05_Wayward_Livestock_Brahmin_Pen			00020480	EncBrahmin01Template	000330BB	DomesticAnimalFaction								0
0059D9CF	EncBrahmin03	Brahmin		00020480	EncBrahmin01Template	000330BB	DomesticAnimalFaction								0
0059D9CE	EncBrahmin02	Brahmin		00020480	EncBrahmin01Template	000330BB	DomesticAnimalFaction								0
0059D9D0	EncBrahmin04	Brahmin		00020480	EncBrahmin01Template	000330BB	DomesticAnimalFaction								0
0059D9D1	EncBrahmin05	Brahmin		00020480	EncBrahmin01Template	000330BB	DomesticAnimalFaction								0
0059E081	W05_COMP_Actor_Astronaut_Visitor_Emerson_Instanced	Dr. Emerson Hale	Emerson			00106C31	PlayerFriendFaction								0
0059F26A	LvlMainTurretBubble_Overseer			00111321	LCharTurretBubble_Normal	00106C31	PlayerFriendFaction								0
0059F2AE	Loot_CorpseBrahminPack	Pack Brahmin		00020480	EncBrahmin01Template	000330BB	DomesticAnimalFaction								0
0059F652	W05_Settler_AubrieCombat	Aubrie	Aubrie	00564204	LvlSettler	00106C31	PlayerFriendFaction								0
005A0413	LC203_MrGutsyStrikebreaker	Mr. Gutsy Strikebreaker		00146CE3	LCharMrGutsy	00309393	RobotStrikebreakerFaction								0
005A1A92	Test_JoshMorettoNPC_01	Doctor Legitimate	Doc Legit	004267D2	W05_TestDialogueNPC	00106C31	PlayerFriendFaction								0
005A1FF2	Test_JoshMorettoNPC_02	Devin Hardway		004267D2	W05_TestDialogueNPC	00106C31	PlayerFriendFaction								0
005A23DB	Test_JoshMorettoNPC_03	Rebecca Brant		004267D2	W05_TestDialogueNPC	00106C31	PlayerFriendFaction								0
005A2A57	test_WST_RobotTrackingBug_Protectron	Mr. Fluffy		00106B09	EncProtectron01Template	003C6835	ResponderFaction								0
005A2A79	E05_Caravan_Brahmin_Exterior	Blue Ridge Brahmin		0014055E	EncBrahminPack	000330BB	DomesticAnimalFaction								0
005A2D0D	RE_TravelTS01_BrahminPack	Pack Brahmin		0014055E	EncBrahminPack	0037E1CF	RE_TravelTS01_Vendor_Faction					0037E1D4	0037E1CE	RE_TravelTS01_VendorChest_General	1
005A384D	Test_JoshMorettoNPC_04	Automated System Message		004267D2	W05_TestDialogueNPC	00106C31	PlayerFriendFaction								0
0056911B	DLC01RobotCompanionBleepBDummy	BleepB Dummy Voice Bot				00023C01	CurrentCompanionFaction								0
0056911C	DLC01RobotCompanionBleepCDummy	BleepC Dummy Voice Bot				00023C01	CurrentCompanionFaction								0
0056911A	DLC01RobotCompanionBleepADummy	BleepA Dummy Voice Bot				00023C01	CurrentCompanionFaction								0
005A4EA3	E06_LvlProtectronConstruction_Hostile1HP	Utility Protectron		001D779F	LCharProtectronConstruction01	0053878D	DebugDobert02_Robot_Faction					0045CB9C	0045CB9B	RE_ObjectDWD01_VendorChest_General	1
005ADC42	BS00_MaxsonRadio_SpeakerNPC	Encrypted Transmission	Radio	004267D2	W05_TestDialogueNPC	00106C31	PlayerFriendFaction								0
005ADC43	BS00_PaladinRadio_SpeakerNPC	Brotherhood Broadcast		004267D2	W05_TestDialogueNPC	00106C31	PlayerFriendFaction								0
005AD411	LvlRaiderFemale_COMP_Bronx			00022E48	LCharRaider	00106C2F	PlayerEnemyFaction								0
005ACC4B	Test_BossRoomEBSNPC	Boss Room		004267D2	W05_TestDialogueNPC	00106C31	PlayerFriendFaction								0
005C420C	BS01_COMP_Medic_Actor	Solomon Hardy	Solomon	005A1FDE	LCharSettler_Foundation	005D29B4	BS01_COMP_Medic_VendorFaction					005D29B5	005D29B3	BS01_COMP_Medic_VendorChest	1
005DBE6B	BS01_COMP_Actor_Lite_Chef	Yasmin Chowdhury	Yasmin	005A1FE1	LCharRaider_Crater	005EE418	BS01_COMP_Chef_VendorFaction					005EE41A	005EE417	BS01_COMP_Chef_VendorChest	1
005FFDEC	BS02_SpecialVendor_Minerva	Minerva	Minerva	0058F320	LCharSettler_Normal	003FEC8D	LGV01_MoleMiner_VendorFaction					0059A658	003FEC8C	LGV01_MoleMiner_VendorChest	1
0061E065	zzzSCORE_S5_COMP_SuperMutant_Maul	Maul		005A1FDE	LCharSettler_Foundation	0061E05B	SCORE_S5_COMP_SuperMutant_VendorFaction					0061E05F	0061E05D	SCORE_S5_COMP_SuperMutant_VendorChest	1
0061E03F	ATX_COMP_Mechanic_Sam	Sam Nguyen	Sam	005A1FDE	LCharSettler_Foundation	0061E049	ATX_COMP_Mechanic_VendorFaction					0061E060	0061E048	ATX_COMP_Mechanic_VendorChest	1
0061E064	zzzSCORE_S5_COMP_Inspector_Daphne	Daphne		005A1FDE	LCharSettler_Foundation	0061E049	ATX_COMP_Mechanic_VendorFaction					0061E060	0061E048	ATX_COMP_Mechanic_VendorChest	1
0061DA94	RE_Object_Zetan_01_BrahminCorpse	Brahmin		00020480	EncBrahmin01Template	000330BB	DomesticAnimalFaction								0
0061DAD8	RE_Travel_Zetan04_EncBrahminWild			00020480	EncBrahmin01Template	000330BB	DomesticAnimalFaction								0
006275BF	E07A_Mothman_WiseMothmanActor	Wise Mothman				00528CEF	FFZ10_Light_WiseMothmanFaction								0
006273A8	SCORE_S6_COMP_Actor_Lite_Inspector	Daphne		005A1FDE	LCharSettler_Foundation	0061E05C	SCORE_S5_COMP_Inspector_VendorFaction					0061E061	0061E05E	SCORE_S5_COMP_Inspector_VendorChest	1
006273A9	SCORE_S6_COMP_Actor_Lite_Mutant	Maul		005A1FDE	LCharSettler_Foundation	0061E05B	SCORE_S5_COMP_SuperMutant_VendorFaction					0061E05F	0061E05D	SCORE_S5_COMP_SuperMutant_VendorChest	1
0062CB90	ATX_COMP_Actor_Lite_Ghoul	Xerxo	Xerxo	005A1FDE	LCharSettler_Foundation	0062CB8B	ATX_COMP_Ghoul_VendorFaction					0062CB92	0062CB8A	ATX_COMP_Ghoul_VendorChest	1
0062DD71	ATX_COMP_Actor_Lite_Astronomer	Katherine Swan	Kat	005A1FDE	LCharSettler_Foundation	0063164D	ATX_COMP_Astronomer_VendorFaction					00631658	0063164C	ATX_COMP_Astronomer_VendorChest	1
00639670	XPD_ExpeditionVendor_Giuseppe	Giuseppe	Giuseppe	00630C9D	LvlRefugeResponder_XPD	0063966E	XPD_Giuseppe_ExpeditionVendorFaction					00639672	0063966D	XPD_ExpeditionVendorChest_Giuseppe	2
00663CBB	LvlUnionTurretTripod_XPD	Machinegun Turret	Turret	00116667	LCharTurretTripodMounted_Normal	00106C31	PlayerFriendFaction								0
00668ABC	NWOT_NPC_Del	Del Walsh	Del			0067F19E	NWOT_Del_VendorFaction					0067F1A0	0067F19C	NWOT_Del_VendorChest	1
0066D17D	NWOT_Clown_Bot	Chloe the Clown	Chloe			0066D16C	NWOT_Clown_VendorFaction					0066D17E	0066D16B	NWOT_Clown_VendorChest	1
0066DBDF	E09B_TippableBrahmin	Brahmin				000330BB	DomesticAnimalFaction								0
0066F9AF	NWOT_NPC_Betty	Betty Hill	Betty			0067F19F	NWOT_Betty_VendorFaction					0067F1A1	0067F19D	NWOT_Betty_VendorChest	1
00674969	ATX_COMP_Actor_NukaAgent_Leo	Leo Petrov	Leo	005A1FDE	LCharSettler_Foundation	00674963	ATX_COMP_NukaAgent_VendorFaction					0067C2B6	0067C2B4	ATX_COMP_NukaAgent_VendorChest	1
0068D3DA	ATX_COMP_Actor_StevenScarberry	Steven Scarberry	Steven	005A1FDE	LCharSettler_Foundation	0068D3D4	ATX_COMP_Scarberry_VendorFaction					006939DE	006939D4	ATX_COMP_Scarberry_VendorChest	1
006820AC	EncMechTest	Spider Bot				00106C2F	PlayerEnemyFaction								0
006906A6	zzz_MOON_Herd_EncBrahmin05	Track & Field		00020480	EncBrahmin01Template	000330BB	DomesticAnimalFaction								0
006906A1	MOON_Herd_EncBrahmin03	Shock & Awe		00020480	EncBrahmin01Template	000330BB	DomesticAnimalFaction								0
006906A2	MOON_Herd_EncBrahmin01	Boil & Foil		00020480	EncBrahmin01Template	000330BB	DomesticAnimalFaction								0
006906A3	MOON_Herd_EncBrahmin02	Vikki & Vance		00020480	EncBrahmin01Template	000330BB	DomesticAnimalFaction								0
006906A5	MOON_Herd_EncBrahmin04	Hocus & Pocus		00020480	EncBrahmin01Template	000330BB	DomesticAnimalFaction								0
006A1737	Moon_Ambush_BrahminActor	Pack Brahmin		00020480	EncBrahmin01Template	000330BB	DomesticAnimalFaction								0
006A4368	ATX_COMP_Actor_JoeyBello	Joey Bello	Joey	005A1FDE	LCharSettler_Foundation	006A4362	ATX_COMP_JoeyBello_VendorFaction					006A9442	006A9441	ATX_COMP_JoeyBello_VendorChest	1
006DC96E	ATX_COMP_Actor_GrandmaJunko	Grandma Junko	Junko	005A1FDE	LCharSettler_Foundation	006DC968	ATX_COMP_GrandmaJunko_VendorFaction					006DC970	006DC966	ATX_COMP_GrandmaJunko_VendorChest	1
006F28CA	XPD_AC03_MuniTurrets	Machinegun Turret	Turret	0011131F	LCharTurretTripod_Normal	00106C31	PlayerFriendFaction								0
00717DFB	NPE_Vendor_JuneSeaver	June Seaver	June	00630C9D	LvlRefugeResponder_XPD	00717DF9	NPE_RespondersVendorFaction					00717DFC	00717DF8	NPE_Lumbermill_VendorChest_General	1
0072EBCE	XPD_AC_ExpeditionVendor_Muni	Pete Rutledge		00630C9D	LvlRefugeResponder_XPD	0072EBC8	XPD_AC_Muni_ExpeditionVendorFaction					0072EBD1	0072EBC5	XPD_AC_ExpeditionVendorChest_Muni	1
0072EBCF	XPD_AC_ExpeditionVendor_Mobster	Fast Nicky		00630C9D	LvlRefugeResponder_XPD	0072EBC9	XPD_AC_Mobster_ExpeditionVendorFaction					0072EBD2	0072EBC6	XPD_AC_ExpeditionVendorChest_Mobster	1
0072EBCD	XPD_AC_ExpeditionVendor_Showmen	Carmen		00630C9D	LvlRefugeResponder_XPD	0072EBC7	XPD_AC_Showmen_ExpeditionVendorFaction					0072EBD0	0072EBC4	XPD_AC_ExpeditionVendorChest_Showmen	1
00731735	NPE_Raider_Male	Raider	Raider	00558EE0	W05_Raider_GenericM	00106C31	PlayerFriendFaction								0
007318A3	NPE_BrotherhoodInitiate_ForwardTango	Brotherhood Initiate		005C38A2	LvlBrotherhoodInitiate	00106C31	PlayerFriendFaction								0
007318A4	NPE_BrotherhoodHopeful_ForwardTango	Brotherhood Hopeful		005C2F36	LvlBrotherhoodHopeful	00106C31	PlayerFriendFaction								0
007318EB	NPE_SettlerFemale	Outpost Settler		00564200	LCharSettler	00106C31	PlayerFriendFaction								0
007318EA	NPE_SettlerMale	Outpost Settler		00564200	LCharSettler	00106C31	PlayerFriendFaction								0
007318EC	NPE_Raider_Female	Raider	Raider	00558ECA	W05_Raider_GenericF	00106C31	PlayerFriendFaction								0
0073E948	ATX_COMP_Actor_Adelaide	Adelaide	Adelaide	00121D51	LCharAssaultron_Normal	0073E942	ATX_COMP_Adelaide_VendorFaction					007521E6	007521DD	ATX_COMP_Adelaide_VendorChest	1
0075C1F1	ATX_COMP_Actor_DelLawson	Del Lawson	Del	005A1FDE	LCharSettler_Foundation	0075C1EC	ATX_COMP_Lawson_VendorFaction					0076F991	0076F98F	ATX_COMP_Lawson_VendorChest	1
006D65BA	EncStormBoss	Storm Goliath				00106C2F	PlayerEnemyFaction								0
006E2658	Storm_TradingPostVendor	Murry	Murry	00157C5F	EncMrHandy	00786CF8	Storm_TradingPost_Vendor_Faction					00786D1D	00786CFE	Storm_TradingPost_VendorChest	1
006E3187	Storm_SkylineDriveEntrance_LvlCritterCat	Catty	Catty	000C9AD3	EncCritterCat01Template	00106C31	PlayerFriendFaction								0
006E9094	Storm_MQ08_LvlHallucGasShadow	Shadow		006E9090	Storm_MQ08_LCharHallucGasShadow	00106C2F	PlayerEnemyFaction								0
006F61AB	Storm_MysticalJunkieMerchant	Mystical Junkie Merchant	Mystical Junkie Merchant			006F618E	Storm_MJMVendor_Faction		001A9617	VendorItemsChems	FLST	006F61AD	006F618D	Storm_MJM_Chest_Chems	1
006F6651	DO_NOT_PLACE_FillAttackSecondsFromAnimation_WeaponHolder_StormBoss	Surge Protector				00106C2F	PlayerEnemyFaction								0
006F8F5F	Storm_Gumley_CampRapidan	Gumley		001FC6A5	LC060_LvlMrHandyWhitespring_White_Gardener	00106C31	PlayerFriendFaction								0
006F9B9D	EncStormBoss_AllAttacks_DEBUGONLY			006D65BA	EncStormBoss	00106C2F	PlayerEnemyFaction								0
007444F2	Storm_RE_LvlBlueRidgeBrahmin	Blue Ridge Brahmin		00020480	EncBrahmin01Template	000330BB	DomesticAnimalFaction								0
00761087	MILE_PackBrahmin	Pack Brahmin		00020480	EncBrahmin01Template	000330BB	DomesticAnimalFaction								0
007697F9	Storm_RegionBoss_StormBoss			006D65BA	EncStormBoss	00106C2F	PlayerEnemyFaction								0
00769D53	MILE_Module_Dog	Stray Dog	Dog	0056739E	EncBloodEagleDog_Template	00106C31	PlayerFriendFaction								0
0076B14A	MILE_Marley	Marley		00564200	LCharSettler	000035DE	GenericNPCFaction								0
0076EA28	MILE_Headquarters_ImportedGoodsMerchant	Ineke	Ineke			00788AFC	MILE_ImportedGoodsMerchant_VendorFaction					0079AEC8	0079AEC1	MILE_HQ_ImportedGoods_VendorChest	1
0076EA24	MILE_GoldVendor_Headquarters_CryptidHunter	Windy	Windy			00788AFE	MILE_CryptidHunterMerchant_VendorFaction					0085055D	0079AEC2	MILE_HQ_CryptidHunter_VendorChest	1
0076EA22	MILE_Headquarters_AmmoMerchant	Theodore	Theo			00788AFD	MILE_WeaponsMerchant_VendorFaction		00022CE5	VendorItemsMisc	FLST	0079AEC9	0079AEC3	MILE_HQ_AmmoMerchant_VendorChest	1
00784EA6	Mile_Headquaters_Brahmin	Brahmin		00020480	EncBrahmin01Template	000330BB	DomesticAnimalFaction								0
0079B4B8	MILE_Headquarters_MoleMiner	Collector Murmrgh	Collector Murmrgh			00106C31	PlayerFriendFaction								0
007AECAD	MILE_CaravanEscort_EventBackupNameActor	Blue Ridge		00020480	EncBrahmin01Template	000330BB	DomesticAnimalFaction								0
007A8A9F	Fishing_FishermansRest_LVlCritterCat	Little Puss	Lil Puss	000C9AD3	EncCritterCat01Template	00106C31	PlayerFriendFaction								0
007A9B93	Fishing_FishermansRest_LVlCritterCat_2	Poppy	Poppy	000C9AD3	EncCritterCat01Template	00106C31	PlayerFriendFaction								0
007AC576	FISH_Vendor_TheFisherman	The Fisherman				007BC5E5	Fishing_Fisherman_VendorFaction					007BC61E	007BC5E4	Fishing_VendorChest_Fisherman	1
007ACD7A	FISH_NPC_TheCaptain	Captain Raymond Clark				007FDC2E	Fishing_TheCaptain_VendorFaction					007FDC34	007FDC2D	Fishing_VendorChest_TheCaptain	1
007FDC20	ATX_COMP_Actor_Dottie	Dottie	Dottie	005A1FDE	LCharSettler_Foundation	007FDC1A	ATX_COMP_Dottie_VendorFaction					00824D1B	00824D15	ATX_COMP_Dottie_VendorChest	1
00800627	Burn014_HockingHillsStation_Vendor_Neutral	Hocking Hills Vendor Bot	Vendor	00106B07	LvlProtectron	00800624	Burn014_HockingHillsStation_Vendor_Neutral_Faction					00800650	00800623	Burn014_HockingHillsStation_VendorChest_Neutral	1
0080E6A7	zzzBurn_HWT_LVlCritterCat	Janitor	Janitor	000C9AD3	EncCritterCat01Template	00106C31	PlayerFriendFaction								0
0081ACE4	BURN_RE_TravellingDoctore_Doctor	Wandering Doctor	Doctor			0081ACE8	Burn_Doctor_VendorFaction					0081ACE7	0081ACB6	Burn_Doctor_VendorChest_Medicine	1
00824501	LvlSentryBotStrikebreaker_Workshop	Sentry Bot Strikebreaker		0012BC12	LCharSentryBot	00309393	RobotStrikebreakerFaction								0
008244F1	LvlProtectronStrikebreaker_Workshop	Protectron Strikebreaker		00106B07	LvlProtectron	00309393	RobotStrikebreakerFaction								0
008244FC	LvlMrGutsyStrikebreaker_Workshop	Mr. Gutsy Strikebreaker		00146CE3	LCharMrGutsy	00309393	RobotStrikebreakerFaction								0
00824506	LvlAssaultronStrikebreaker_Workshop			00121D51	LCharAssaultron_Normal	00309393	RobotStrikebreakerFaction								0
00828691	zzzBurn_RE_Assualt_ArmoredDeathclaw	Armored Deathclaw		00801010	Burn_EncDeathclaw01_Armored	0005894B	REAssaultFactionFriend								0
008338DA	Burn_HWT_PackBrahmin	Pack Brahmin		00020480	EncBrahmin01Template	000330BB	DomesticAnimalFaction								0
00844095	BURN_HTSettler_FoodVendor	May	May	007F8229	LChar_BURN_GenericHTSettlerFaceMale_Human	00844091	BURN_HTSettlerFoodVendorFaction					00845A70	0084408D	BURN_HTSettler_FoodVendorChest	1
00844096	BURN_HTSettler_GunVendor	Splint	Splint	007F8229	LChar_BURN_GenericHTSettlerFaceMale_Human	00844093	BURN_HTSettlerGunVendorFaction					00845A6E	0084408E	BURN_HTSettler_GunVendorChest	1
00844097	BURN_HTSettler_GeneralVendor	Mac	Mac	007F8229	LChar_BURN_GenericHTSettlerFaceMale_Human	00844092	BURN_HTSettlerGeneralVendorFaction					00845A71	0084408F	BURN_HTSettler_GeneralVendorChest	1
00844094	BURN_HTSettler_ChemVendor	Clark	Clark	007F8229	LChar_BURN_GenericHTSettlerFaceMale_Human	00844090	BURN_HTSettlerChemVendorFaction					00845A6F	0084408C	BURN_HTSettler_ChemVendorChest	1
00897413	Storm_RegionBoss_StormBoss_PartyCrasher	Uninvited Storm Goliath		006D65BA	EncStormBoss	00106C2F	PlayerEnemyFaction								0
008B3C96	ATX_COMP_Actor_Cambot	Cambot		003D7509	LCharEyeBot_Normal	008B4504	ATX_COMP_Cambot_VendorFaction					008F6114	008F6112	ATX_COMP_Cambot_VendorChest	1
