FormID	EDID	NAM1_ActorValue	NAM2_Produce	NAM4_Interval	ReferencedByCount	Ref1	Ref2	Ref3	Ref4	Ref5	Ref6	Ref7	Ref8	Ref9	Ref10	Ref11	Ref12	Ref13	Ref14	Ref15	Ref16	Ref17	Ref18	Ref19	Ref20	Ref21	Ref22	Ref23	Ref24	Ref25	Ref26	Ref27	Ref28	Ref29	Ref30
00064668	WaterResource	Water "Water" [AVIF:00000332]	WorkshopProduceWater [LVLI:00026833]	ResourceProductionIntervalHoursWater [GLOB:0045128B]	30	000089B9:SunshineMeadowsWorkshopRef:REFR	0000DC5B:TestWorkshopRef:REFR	0001FCAD:LakesideCabinsWorkshopRef:REFR	0003056F:BerkeleySpringsWorkshopRef:REFR	00088ACF:TylerCountyTrackWorkshopRef:REFR	0009A911:GorgeJunkyardWorkshopRef:REFR	0013B821::REFR	0014778B:GraftonSteelWorkshopRef:REFR	001477BB:ThunderMountainWorkshopRef:REFR	001477D9:MunitionsFactoryWorkshopRef:REFR	001843FC:MountBlairWorkshopRef:REFR	00188B82::REFR	0020106D:BeckleyWorkshopRef:REFR	00289B25:CharlestonLandfillWorkshopRef:REFR	00289B2C::REFR	00289B41:DabneyHomesteadWorkshopRef:REFR	0029C4C9:FederalDisposalFieldWorkshopRef:REFR	0029E785::REFR	002B5D44:MonongahWorkshopRef:REFR	002D13E0:DollySodsWorkshopRef:REFR	0030AC78:WadeAirportWorkshopRef:REFR	00319B7D:HemlockHolesWorkshopRef:REFR	0031BAA5:AbandonedBogTownWorkshopRef:REFR	00342749:RedRocketMegaStopWorkshopRef:REFR	003BD137:PoseidonEnergyWorkshopRef:REFR	0044D2E1::REFR	0059ABC5::REFR	0059ABC6::REFR	005C2871::REFR	007F67E3:StarlightDriveinWorkshopRef:REFR
0006471D	FoodResource	Food "Food" [AVIF:00000331]	NULL - Null Reference [00000000]	ResourceProductionIntervalHoursFood [GLOB:0037A23B]	30	000089B9:SunshineMeadowsWorkshopRef:REFR	0000DC5B:TestWorkshopRef:REFR	0001FCAD:LakesideCabinsWorkshopRef:REFR	0003056F:BerkeleySpringsWorkshopRef:REFR	00088ACF:TylerCountyTrackWorkshopRef:REFR	0009A911:GorgeJunkyardWorkshopRef:REFR	0013B821::REFR	0014778B:GraftonSteelWorkshopRef:REFR	001477BB:ThunderMountainWorkshopRef:REFR	001477D9:MunitionsFactoryWorkshopRef:REFR	001843FC:MountBlairWorkshopRef:REFR	00188B82::REFR	0020106D:BeckleyWorkshopRef:REFR	00289B25:CharlestonLandfillWorkshopRef:REFR	00289B2C::REFR	00289B41:DabneyHomesteadWorkshopRef:REFR	0029C4C9:FederalDisposalFieldWorkshopRef:REFR	0029E785::REFR	002B5D44:MonongahWorkshopRef:REFR	002D13E0:DollySodsWorkshopRef:REFR	0030AC78:WadeAirportWorkshopRef:REFR	00319B7D:HemlockHolesWorkshopRef:REFR	0031BAA5:AbandonedBogTownWorkshopRef:REFR	00342749:RedRocketMegaStopWorkshopRef:REFR	003BD137:PoseidonEnergyWorkshopRef:REFR	0044D2E1::REFR	0059ABC5::REFR	0059ABC6::REFR	005C2871::REFR	007F67E3:StarlightDriveinWorkshopRef:REFR
000897D2	AcidResource	ResourceAV_Acid "Acid" [AVIF:000897B7]	WorkshopProduceAcid [LVLI:000897C3]	ResourceProductionIntervalHoursDefault [GLOB:0037A23A]	8	0000DC5B:TestWorkshopRef:REFR	0013B821::REFR	0029C4C9:FederalDisposalFieldWorkshopRef:REFR	002B5D44:MonongahWorkshopRef:REFR	00319B7D:HemlockHolesWorkshopRef:REFR	0031BAA5:AbandonedBogTownWorkshopRef:REFR	0044D2E1::REFR	007F67E3:StarlightDriveinWorkshopRef:REFR																						
000897E9	AdhesiveResource	ResourceAV_Adhesive "Adhesive" [AVIF:000897B5]	WorkshopProduceAdhesive [LVLI:000897C4]	ResourceProductionIntervalHoursDefault [GLOB:0037A23A]	0																														
000897EA	AluminumResource	ResourceAV_Aluminum "Aluminum" [AVIF:000897B9]	WorkshopProduceAluminum [LVLI:000897DF]	ResourceProductionIntervalHoursDefault [GLOB:0037A23A]	11	000089B9:SunshineMeadowsWorkshopRef:REFR	0000DC5B:TestWorkshopRef:REFR	0003056F:BerkeleySpringsWorkshopRef:REFR	00088ACF:TylerCountyTrackWorkshopRef:REFR	0013B821::REFR	001477D9:MunitionsFactoryWorkshopRef:REFR	00289B25:CharlestonLandfillWorkshopRef:REFR	00342749:RedRocketMegaStopWorkshopRef:REFR	003BD137:PoseidonEnergyWorkshopRef:REFR	0044D2E1::REFR	007F67E3:StarlightDriveinWorkshopRef:REFR																			
000897EB	ConcreteResource	ResourceAV_Concrete "Concrete" [AVIF:000897B1]	WorkshopProduceConcrete [LVLI:000897E0]	ResourceProductionIntervalHoursCommon [GLOB:0044AF5B]	8	000089B9:SunshineMeadowsWorkshopRef:REFR	0000DC5B:TestWorkshopRef:REFR	0009A911:GorgeJunkyardWorkshopRef:REFR	0013B821::REFR	00289B41:DabneyHomesteadWorkshopRef:REFR	0031BAA5:AbandonedBogTownWorkshopRef:REFR	003BD137:PoseidonEnergyWorkshopRef:REFR	0044D2E1::REFR																						
00089806	CopperResource	ResourceAV_Copper "Copper" [AVIF:000897B8]	WorkshopProduceCopper [LVLI:00089807]	ResourceProductionIntervalHoursDefault [GLOB:0037A23A]	8	0000DC5B:TestWorkshopRef:REFR	0013B821::REFR	0014778B:GraftonSteelWorkshopRef:REFR	00289B25:CharlestonLandfillWorkshopRef:REFR	00289B2C::REFR	00289B41:DabneyHomesteadWorkshopRef:REFR	0030AC78:WadeAirportWorkshopRef:REFR	0044D2E1::REFR																						
0008BE94	CrystalResource	ResourceAV_Crystal "Crystal" [AVIF:000897C1]	WorkshopProduceCrystal [LVLI:00089809]	ResourceProductionIntervalHoursDefault [GLOB:0037A23A]	10	0000DC5B:TestWorkshopRef:REFR	0001FCAD:LakesideCabinsWorkshopRef:REFR	0003056F:BerkeleySpringsWorkshopRef:REFR	0013B821::REFR	001477BB:ThunderMountainWorkshopRef:REFR	0020106D:BeckleyWorkshopRef:REFR	00289B2C::REFR	00319B7D:HemlockHolesWorkshopRef:REFR	0044D2E1::REFR	007F67E3:StarlightDriveinWorkshopRef:REFR																				
0008BE98	FertilizerResource	ResourceAV_Fertilizer "Fertilizer" [AVIF:003C4E0E]	WorkshopProduceFertilizer [LVLI:00249BEB]	ResourceProductionIntervalHoursCommon [GLOB:0044AF5B]	5	000089B9:SunshineMeadowsWorkshopRef:REFR	0000DC5B:TestWorkshopRef:REFR	00088ACF:TylerCountyTrackWorkshopRef:REFR	00289B2C::REFR	00289B41:DabneyHomesteadWorkshopRef:REFR																									
0008EC65	GoldResource	ResourceAV_Gold "Gold" [AVIF:000897BA]	WorkshopProduceGold [LVLI:000897E2]	ResourceProductionIntervalHoursDefault [GLOB:0037A23A]	8	0000DC5B:TestWorkshopRef:REFR	0013B821::REFR	0020106D:BeckleyWorkshopRef:REFR	00289B2C::REFR	002D13E0:DollySodsWorkshopRef:REFR	00319B7D:HemlockHolesWorkshopRef:REFR	0031BAA5:AbandonedBogTownWorkshopRef:REFR	0044D2E1::REFR																						
0008ECED	LeadResource	ResourceAV_Lead "Lead" [AVIF:000897BF]	WorkshopProduceLead [LVLI:000897E6]	ResourceProductionIntervalHoursCommon [GLOB:0044AF5B]	9	0000DC5B:TestWorkshopRef:REFR	0001FCAD:LakesideCabinsWorkshopRef:REFR	0003056F:BerkeleySpringsWorkshopRef:REFR	0013B821::REFR	0014778B:GraftonSteelWorkshopRef:REFR	001477D9:MunitionsFactoryWorkshopRef:REFR	002D13E0:DollySodsWorkshopRef:REFR	003BD137:PoseidonEnergyWorkshopRef:REFR	0044D2E1::REFR																					
0008ECEE	NuclearResource	ResourceAV_Nuclear "Nuclear" [AVIF:000897B4]	WorkshopProduceNuclear [LVLI:000897E1]	ResourceProductionIntervalHoursDefault [GLOB:0037A23A]	8	0000DC5B:TestWorkshopRef:REFR	0013B821::REFR	001477BB:ThunderMountainWorkshopRef:REFR	0029C4C9:FederalDisposalFieldWorkshopRef:REFR	002B5D44:MonongahWorkshopRef:REFR	00342749:RedRocketMegaStopWorkshopRef:REFR	003BD137:PoseidonEnergyWorkshopRef:REFR	0044D2E1::REFR																						
0008ECEF	OilResource	ResourceAV_Oil "Oil" [AVIF:000897AF]	WorkshopProduceOil [LVLI:000897E7]	ResourceProductionIntervalHoursDefault [GLOB:0037A23A]	10	0000DC5B:TestWorkshopRef:REFR	0013B821::REFR	0014778B:GraftonSteelWorkshopRef:REFR	001477D9:MunitionsFactoryWorkshopRef:REFR	0020106D:BeckleyWorkshopRef:REFR	0029C4C9:FederalDisposalFieldWorkshopRef:REFR	0030AC78:WadeAirportWorkshopRef:REFR	0031BAA5:AbandonedBogTownWorkshopRef:REFR	0044D2E1::REFR	007F67E3:StarlightDriveinWorkshopRef:REFR																				
0008ECF4	ScavengeResource	ResourceAV_Scavenge "Scavenge" [AVIF:000897C2]	WorkshopProduceScavenge [LVLI:00026839]	ResourceProductionIntervalHoursScavenge [GLOB:0037A23C]	30	000089B9:SunshineMeadowsWorkshopRef:REFR	0000DC5B:TestWorkshopRef:REFR	0001FCAD:LakesideCabinsWorkshopRef:REFR	0003056F:BerkeleySpringsWorkshopRef:REFR	00088ACF:TylerCountyTrackWorkshopRef:REFR	0009A911:GorgeJunkyardWorkshopRef:REFR	0013B821::REFR	0014778B:GraftonSteelWorkshopRef:REFR	001477BB:ThunderMountainWorkshopRef:REFR	001477D9:MunitionsFactoryWorkshopRef:REFR	001843FC:MountBlairWorkshopRef:REFR	00188B82::REFR	0020106D:BeckleyWorkshopRef:REFR	00289B25:CharlestonLandfillWorkshopRef:REFR	00289B2C::REFR	00289B41:DabneyHomesteadWorkshopRef:REFR	0029C4C9:FederalDisposalFieldWorkshopRef:REFR	0029E785::REFR	002B5D44:MonongahWorkshopRef:REFR	002D13E0:DollySodsWorkshopRef:REFR	0030AC78:WadeAirportWorkshopRef:REFR	00319B7D:HemlockHolesWorkshopRef:REFR	0031BAA5:AbandonedBogTownWorkshopRef:REFR	00342749:RedRocketMegaStopWorkshopRef:REFR	003BD137:PoseidonEnergyWorkshopRef:REFR	0044D2E1::REFR	0059ABC5::REFR	0059ABC6::REFR	005C2871::REFR	007F67E3:StarlightDriveinWorkshopRef:REFR
0008ECF6	SteelResource	ResourceAV_Steel "Steel" [AVIF:000897B0]	WorkshopProduceSteel [LVLI:000897E8]	ResourceProductionIntervalHoursCommon [GLOB:0044AF5B]	8	0000DC5B:TestWorkshopRef:REFR	00088ACF:TylerCountyTrackWorkshopRef:REFR	0013B821::REFR	0014778B:GraftonSteelWorkshopRef:REFR	001477BB:ThunderMountainWorkshopRef:REFR	00289B25:CharlestonLandfillWorkshopRef:REFR	00342749:RedRocketMegaStopWorkshopRef:REFR	0044D2E1::REFR																						
002FD8DE	SilverResource	ResourceAV_Silver "Silver" [AVIF:002FD8DD]	WorkshopProduceSilver_Ore [LVLI:0054B436]	ResourceProductionIntervalHoursDefault [GLOB:0037A23A]	10	0000DC5B:TestWorkshopRef:REFR	0001FCAD:LakesideCabinsWorkshopRef:REFR	00088ACF:TylerCountyTrackWorkshopRef:REFR	0013B821::REFR	001477D9:MunitionsFactoryWorkshopRef:REFR	002B5D44:MonongahWorkshopRef:REFR	0030AC78:WadeAirportWorkshopRef:REFR	0031BAA5:AbandonedBogTownWorkshopRef:REFR	0044D2E1::REFR	007F67E3:StarlightDriveinWorkshopRef:REFR																				
0033E202	AshResource	ResourceAV_Ash "Ash" [AVIF:0033E201]	WorkshopProduceAsh [LVLI:0033E207]	ResourceProductionIntervalHoursDefault [GLOB:0037A23A]	6	0000DC5B:TestWorkshopRef:REFR	0013B821::REFR	001843FC:MountBlairWorkshopRef:REFR	0020106D:BeckleyWorkshopRef:REFR	00289B25:CharlestonLandfillWorkshopRef:REFR	0044D2E1::REFR																								
003B2535	AmmoResource45caliber	ResourceAV_Ammo45caliber "Ammo" [AVIF:003B2523]	WorkshopProduceAmmo45Caliber [LVLI:003B252C]	ResourceProductionIntervalHoursAmmo [GLOB:003E8F48]	1	001477D9:MunitionsFactoryWorkshopRef:REFR																													
003B253C	AmmoResourcePlasmaCartridge	ResourceAV_AmmoPlasmaCartridge "Ammo" [AVIF:003B252A]	WorkshopProduceAmmoPlasmaCartridge [LVLI:003B2532]	ResourceProductionIntervalHoursAmmo [GLOB:003E8F48]	1	001477D9:MunitionsFactoryWorkshopRef:REFR																													
003B253B	AmmoResourceShotgunShell	ResourceAV_AmmoShotgunShell "Ammo" [AVIF:003B2529]	WorkshopProduceAmmoShotgunShell [LVLI:003B2533]	ResourceProductionIntervalHoursAmmo [GLOB:003E8F48]	1	001477D9:MunitionsFactoryWorkshopRef:REFR																													
003B2536	AmmoResource50caliber	ResourceAV_Ammo50caliber "Ammo" [AVIF:003B2524]	WorkshopProduceAmmo50Caliber [LVLI:003B252D]	ResourceProductionIntervalHoursAmmo [GLOB:003E8F48]	1	001477D9:MunitionsFactoryWorkshopRef:REFR																													
003B2534	AmmoResource44caliber	ResourceAV_Ammo44caliber "Ammo" [AVIF:003B2522]	WorkshopProduceAmmo44Caliber [LVLI:003B252B]	ResourceProductionIntervalHoursAmmo [GLOB:003E8F48]	1	001477D9:MunitionsFactoryWorkshopRef:REFR																													
003B2539	AmmoResourceFusionCell	ResourceAV_AmmoFusionCell "Ammo" [AVIF:003B2527]	WorkshopProduceAmmoFusionCell [LVLI:003B2530]	ResourceProductionIntervalHoursAmmo [GLOB:003E8F48]	1	001477D9:MunitionsFactoryWorkshopRef:REFR																													
003B2538	AmmoResource5mm	ResourceAV_Ammo5mm "Ammo" [AVIF:003B2526]	WorkshopProduceAmmo5mm [LVLI:003B252F]	ResourceProductionIntervalHoursAmmo [GLOB:003E8F48]	1	001477D9:MunitionsFactoryWorkshopRef:REFR																													
003B2537	AmmoResource556	ResourceAV_Ammo556 "Ammo" [AVIF:003B2525]	WorkshopProduceAmmo556 [LVLI:003B252E]	ResourceProductionIntervalHoursAmmo [GLOB:003E8F48]	1	001477D9:MunitionsFactoryWorkshopRef:REFR																													
003B253A	AmmoResourceGammaCell	ResourceAV_AmmoGammaCell "Ammo" [AVIF:003B2528]	WorkshopProduceAmmoGammaCell [LVLI:003B2531]	ResourceProductionIntervalHoursAmmo [GLOB:003E8F48]	1	001477D9:MunitionsFactoryWorkshopRef:REFR																													
003B2546	AmmoResource10mm	ResourceAV_Ammo10mm "Ammo" [AVIF:003B254B]	WorkshopProduceAmmo10mm [LVLI:003B253D]	ResourceProductionIntervalHoursAmmo [GLOB:003E8F48]	4	0000DC5B:TestWorkshopRef:REFR	0013B821::REFR	001477D9:MunitionsFactoryWorkshopRef:REFR	0044D2E1::REFR																										
003B2544	AmmoResource38caliber	ResourceAV_Ammo38caliber "Ammo" [AVIF:003B254C]	WorkshopProduceAmmo38Caliber [LVLI:003B253F]	ResourceProductionIntervalHoursAmmo [GLOB:003E8F48]	4	0000DC5B:TestWorkshopRef:REFR	0013B821::REFR	001477D9:MunitionsFactoryWorkshopRef:REFR	0044D2E1::REFR																										
003B2545	AmmoResource308caliber	ResourceAV_Ammo308caliber "Ammo" [AVIF:003B254A]	WorkshopProduceAmmo308Caliber [LVLI:003B253E]	ResourceProductionIntervalHoursAmmo [GLOB:003E8F48]	4	0000DC5B:TestWorkshopRef:REFR	0013B821::REFR	001477D9:MunitionsFactoryWorkshopRef:REFR	0044D2E1::REFR																										
003C4E11	JunkResource	ATX_ResourceAV_Collectron_Junk "Junk" [AVIF:003C3FA4]	WorkshopProduceScavenge [LVLI:00026839]	ResourceProductionIntervalHoursDefault [GLOB:0037A23A]	8	000089B9:SunshineMeadowsWorkshopRef:REFR	0000DC5B:TestWorkshopRef:REFR	00088ACF:TylerCountyTrackWorkshopRef:REFR	0009A911:GorgeJunkyardWorkshopRef:REFR	001477D9:MunitionsFactoryWorkshopRef:REFR	00289B25:CharlestonLandfillWorkshopRef:REFR	00289B41:DabneyHomesteadWorkshopRef:REFR	00342749:RedRocketMegaStopWorkshopRef:REFR																						
003C4E10	FertilizerBrahminResource	ResourceAV_FertilizerBrahmin "Fertilizer" [AVIF:000897B2]	WorkshopProduceFertilizer [LVLI:00249BEB]	ResourceProductionIntervalHoursBrahmin [GLOB:003C4E0F]	29	000089B9:SunshineMeadowsWorkshopRef:REFR	0000DC5B:TestWorkshopRef:REFR	0001FCAD:LakesideCabinsWorkshopRef:REFR	0003056F:BerkeleySpringsWorkshopRef:REFR	00088ACF:TylerCountyTrackWorkshopRef:REFR	0009A911:GorgeJunkyardWorkshopRef:REFR	0013B821::REFR	0014778B:GraftonSteelWorkshopRef:REFR	001477BB:ThunderMountainWorkshopRef:REFR	001477D9:MunitionsFactoryWorkshopRef:REFR	001843FC:MountBlairWorkshopRef:REFR	00188B82::REFR	0020106D:BeckleyWorkshopRef:REFR	00289B25:CharlestonLandfillWorkshopRef:REFR	00289B2C::REFR	00289B41:DabneyHomesteadWorkshopRef:REFR	0029C4C9:FederalDisposalFieldWorkshopRef:REFR	0029E785::REFR	002B5D44:MonongahWorkshopRef:REFR	002D13E0:DollySodsWorkshopRef:REFR	0030AC78:WadeAirportWorkshopRef:REFR	00319B7D:HemlockHolesWorkshopRef:REFR	0031BAA5:AbandonedBogTownWorkshopRef:REFR	00342749:RedRocketMegaStopWorkshopRef:REFR	003BD137:PoseidonEnergyWorkshopRef:REFR	0044D2E1::REFR	0059ABC5::REFR	0059ABC6::REFR	005C2871::REFR	
003CA907	OreMountBlairResource	ResourceAV_Ore_MountBlair "Ore" [AVIF:003CA906]	WorkshopProduceOre_MountBlair [LVLI:003CA908]	ResourceProductionIntervalHoursOreMountBlair [GLOB:003CA909]	4	0000DC5B:TestWorkshopRef:REFR	0013B821::REFR	001843FC:MountBlairWorkshopRef:REFR	0044D2E1::REFR																										
003EB3D1	FusionCoreResource	ResourceAV_FusionCore "Fusion Core" [AVIF:003EB3CE]	WorkshopProduceFusionCore [LVLI:003EB3D2]	ResourceProductionIntervalHoursFusionCore [GLOB:003EB3D0]	3	001477BB:ThunderMountainWorkshopRef:REFR	002B5D44:MonongahWorkshopRef:REFR	003BD137:PoseidonEnergyWorkshopRef:REFR																											
004DE22D	CoalResource	ResourceAV_Coal "Coal" [AVIF:00322D4B]	WorkshopProduceCoal [LVLI:004DE22C]	ResourceProductionIntervalHoursDefault [GLOB:0037A23A]	3	0000DC5B:TestWorkshopRef:REFR	0013B821::REFR	0044D2E1::REFR																											
004DE230	WoodResource	ResourceAV_Wood "Wood" [AVIF:00018781]	WorkshopProduceWood [LVLI:00294337]	ResourceProductionIntervalHoursCommon [GLOB:0044AF5B]	9	0000DC5B:TestWorkshopRef:REFR	0001FCAD:LakesideCabinsWorkshopRef:REFR	0009A911:GorgeJunkyardWorkshopRef:REFR	0013B821::REFR	001477BB:ThunderMountainWorkshopRef:REFR	00289B41:DabneyHomesteadWorkshopRef:REFR	002B5D44:MonongahWorkshopRef:REFR	002D13E0:DollySodsWorkshopRef:REFR	0044D2E1::REFR																					
004DE22F	TitaniumResource	ResourceAV_Titanium "Titanium" [AVIF:00322D4C]	WorkshopProduceTitanium [LVLI:004DE22E]	ResourceProductionIntervalHoursDefault [GLOB:0037A23A]	4	0000DC5B:TestWorkshopRef:REFR	0009A911:GorgeJunkyardWorkshopRef:REFR	0013B821::REFR	0044D2E1::REFR																										
003D1021	FoodPackagedResource03	ResourceAV_FoodPackaged03 "Food" [AVIF:003D1018]	WorkshopProduceFood03 [LVLI:003D101B]	ResourceProductionIntervalHoursDefault [GLOB:0037A23A]	1	000089B9:SunshineMeadowsWorkshopRef:REFR																													
003D101F	FoodPackagedResource01	ResourceAV_FoodPackaged01 "Food" [AVIF:003D1015]	WorkshopProduceFood01 [LVLI:003D101D]	ResourceProductionIntervalHoursDefault [GLOB:0037A23A]	1	000089B9:SunshineMeadowsWorkshopRef:REFR																													
003D101A	FoodPackagedResource00	ResourceAV_FoodPackaged00 "Packaged Food" [AVIF:003D1012]	WorkshopProduceFood00 [LVLI:003D101E]	ResourceProductionIntervalHoursDefault [GLOB:0037A23A]	1	000089B9:SunshineMeadowsWorkshopRef:REFR																													
003D1022	FoodPackagedResource04	ResourceAV_FoodPackaged04 "Food" [AVIF:003D1019]	WorkshopProduceFood04 [LVLI:003D1016]	ResourceProductionIntervalHoursDefault [GLOB:0037A23A]	1	000089B9:SunshineMeadowsWorkshopRef:REFR																													
003D1020	FoodPackagedResource02	ResourceAV_FoodPackaged02 "Food" [AVIF:003D1017]	WorkshopProduceFood02 [LVLI:003D101C]	ResourceProductionIntervalHoursDefault [GLOB:0037A23A]	1	000089B9:SunshineMeadowsWorkshopRef:REFR																													
0054B41D	ScrapResourceCeramic	ResourceAV_Ceramic_Scrap "Ceramic Scrap" [AVIF:0054B410]	WorkshopProduceCeramic_Scrap [LVLI:0054B42A]	ResourceProductionIntervalHoursCeramic_Scrap [GLOB:0054B439]	0																														
0054B41F	ScrapResourceCloth	ResourceAV_Cloth_Scrap "Raw Cloth" [AVIF:0054B412]	WorkshopProduceCloth_Scrap [LVLI:0054B42C]	ResourceProductionIntervalHoursCloth_Scrap [GLOB:0054B43B]	0																														
0054B420	ScrapResourceCrystal	ResourceAV_Crystal_Scrap "Crystal Shards" [AVIF:0054B413]	WorkshopProduceCrystal_Scrap [LVLI:0054B42D]	ResourceProductionIntervalHoursCrystal_Scrap [GLOB:0054B43D]	0																														
0054B41E	ScrapResourceAluminum	ResourceAV_Aluminum_Scrap "Aluminum Scrap" [AVIF:0054B411]	WorkshopProduceAluminum_Scrap [LVLI:0054B42B]	ResourceProductionIntervalHoursAluminum_Scrap [GLOB:0054B438]	0																														
0054B418	ScrapResourceGears	ResourceAV_Gears_Scrap "Loose Gears" [AVIF:0054B40B]	WorkshopProduceGears_Scrap [LVLI:0054B425]	ResourceProductionIntervalHoursGears_Scrap [GLOB:0054B43F]	0																														
0054B423	ScrapResourceOil	ResourceAV_Oil_Scrap "Waste Oil" [AVIF:0054B416]	WorkshopProduceOil_Scrap [LVLI:0054B430]	ResourceProductionIntervalHoursOil_Scrap [GLOB:0054B441]	0																														
0054B434	ScrapResourceCopper	ResourceAV_Copper_Scrap "Copper" [AVIF:0054B437]	WorkshopProduceCopper [LVLI:00089807]	ResourceProductionIntervalHoursCopper_Scrap [GLOB:0054B43C]	0																														
0054B41C	ScrapResourceRubber	ResourceAV_Rubber_Scrap "Raw Rubber" [AVIF:0054B40F]	WorkshopProduceRubber_Scrap [LVLI:0054B429]	ResourceProductionIntervalHoursRubber_Scrap [GLOB:0054B447]	0																														
0054B41B	ScrapResourcePlastic	ResourceAV_Plastic_Scrap "Molded Plastic" [AVIF:0054B40E]	WorkshopProducePlastic_Scrap [LVLI:0054B428]	ResourceProductionIntervalHoursPlastic_Scrap [GLOB:0054B442]	0																														
0054B41A	ScrapResourceSprings	ResourceAV_Springs_Scrap "Loose Spring" [AVIF:0054B40D]	WorkshopProduceSprings_Scrap [LVLI:0054B427]	ResourceProductionIntervalHoursSprings_Scrap [GLOB:0054B445]	0																														
0054B421	ScrapResourceFiberglass	ResourceAV_Fiberglass_Scrap "Fiberglass Spool" [AVIF:0054B414]	WorkshopProduceFiberglass_Scrap [LVLI:0054B42E]	ResourceProductionIntervalHoursFiberglass_Scrap [GLOB:0054B43E]	0																														
0054B433	ScrapResourceSilver	ResourceAV_Silver_Scrap "Silver" [AVIF:0054B435]	WorkshopProduceSilver_Scrap [LVLI:002932BC]	ResourceProductionIntervalHoursSilver_Scrap [GLOB:0054B444]	0																														
0054B432	ScrapResourceGold	ATX_ResourceAV_Collectron_Gold_Scrap "Gold" [AVIF:0054B431]	WorkshopProduceGold [LVLI:000897E2]	ResourceProductionIntervalHoursGold_Scrap [GLOB:0054B440]	0																														
0054B417	ScrapResourceScrews	ResourceAV_Screws_Scrap "Loose Screws" [AVIF:0054B40A]	ATX_CNone_Collectron_Screws_Scrap [LVLI:0054B424]	ResourceProductionIntervalHoursScrews_Scrap [GLOB:0054B443]	0																														
0054B422	ScrapResourceFiberOptics	ResourceAV_FiberOptics_Scrap "Fiber Optics Bundle" [AVIF:0054B415]	WorkshopProduceFiberOptics_Scrap [LVLI:0054B42F]	ResourceProductionIntervalHoursFiberOptics_Scrap [GLOB:0054B446]	1	007F67E3:StarlightDriveinWorkshopRef:REFR																													
0054B419	ScrapResourceCircuitry	ResourceAV_Circuitry_Scrap "Crystal Shards" [AVIF:0054B40C]	WorkshopProduceCircuitry_Scrap [LVLI:0054B426]	ResourceProductionIntervalHoursCircuitry_Scrap [GLOB:0054B43A]	1	007F67E3:StarlightDriveinWorkshopRef:REFR																													
00412205	PETS_Cat_PlayerGifts_Resource	PETS_Cat_PlayerGifts_ResourceCollectorAV [AVIF:00412206]	PETS_Cat_PlayerGifts_LL_Tier1 [LVLI:00411B77]	PETS_PlayerGifts_ResourceProductionInterval_Default [GLOB:00412207]	5	00188B82::REFR	0029E785::REFR	0059ABC5::REFR	0059ABC6::REFR	005C2871::REFR																									
00424571	PETS_Dog_PlayerGifts_Resource	PETS_Dog_PlayerGifts_ResourceCollectorAV [AVIF:00424566]	PETS_Dog_PlayerGifts_LL_Tier1 [LVLI:0042456E]	PETS_PlayerGifts_ResourceProductionInterval_Default [GLOB:00412207]	5	00188B82::REFR	0029E785::REFR	0059ABC5::REFR	0059ABC6::REFR	005C2871::REFR																									
0055417E	ATX_Resource_FreeStates_Collectron	ATX_ResourceAV_Collectron_Raider "Scavenged Items" [AVIF:005698B7]	ATX_Resources_Collectron_Raider [LVLI:005698B8]	ATX_ResourceProductionIntervalHours_Collectron_FreeStates [GLOB:00555DB0]	0																														
0055417B	JunkResource_Collector	ATX_ResourceAV_Collectron_Junk_Collector "Junk" [AVIF:0055417A]	ATX_Resources_Collectron_Junk [LVLI:00555D8E]	ATX_ResourceProductionIntervalHours_Collectron_Junk [GLOB:00555DAF]	0																														
00554176	ATX_Resource_Scrap_CollectronAll	ATX_ResourceAV_Collectron_Scrap_All "Scavenged Items" [AVIF:00554177]	ATX_Resources_Collectron_Scrap [LVLI:00554178]	ATX_ResourceProductionIntervalHours_Collectron_Scrap [GLOB:00555DAE]	0																														
005698C8	ATX_Resource_Raider_Collectron_MeleeAndAmmo	ATX_ResourceAV_Collectron_Raider_MeleeAndAmmo "Scavenged Items" [AVIF:005698C9]	ATX_Resources_Collectron_Raider_WeaponsAndAmmo [LVLI:005698C7]	ATX_ResourceProductionIntervalHours_Collectron_Raider_MeleeAndAmmo [GLOB:005698CA]	0																														
005698C3	ATX_Resource_Raider_Collectron_AlcoholAndChems	ATX_ResourceAV_Collectron_Raider_AlcoholAndChems "Scavenged Items" [AVIF:005698C4]	ATX_Resources_Collectron_Raider_AlcoholAndChems [LVLI:005698C6]	ATX_ResourceProductionIntervalHours_Collectron_Raider_AlcoholAndChems [GLOB:005698C5]	0																														
005698B9	ATX_Resource_Raider_Collectron	ATX_ResourceAV_Collectron_Raider "Scavenged Items" [AVIF:005698B7]	ATX_Resources_Collectron_Raider [LVLI:005698B8]	ATX_ResourceProductionIntervalHours_Collectron_Raider [GLOB:005698BA]	0																														
005867B6	ATX_Resource_Communist_Collectron_Proletariat	ATX_ResourceAV_Collectron_Communist_Proletariat "Communism" [AVIF:005867B4]	ATX_Resources_Collectron_Communist_Proletariat [LVLI:005867B5]	ATX_ResourceProductionIntervalHours_Collectron_Communist_Proletariat [GLOB:005867B9]	0																														
005867B7	ATX_Resource_Communist_Collectron_Revolutionary	ATX_ResourceAV_Collectron_Communist_Revolutionary "Communism" [AVIF:005867BA]	ATX_Resources_Collectron_Communist_Revolutionary [LVLI:005867BB]	ATX_ResourceProductionIntervalHours_Collectron_Communist_Revolutionary [GLOB:005867B8]	0																														
00592F7C	W05_WST_AmmoConstructionMachine_All	W05_WST_ResourceAV_AmmoConstructionMachine_All "Ammo" [AVIF:005957DD]	W05_WST_WorkshopProduce_AmmoConstruction_All [LVLI:005957E2]	W05_WST_ResourceProductionIntervalHoursAmmoConstruction_All [GLOB:005957DF]	0																														
005957E5	W05_TurboFertFertilizerResource_Resource	W05_ResourceAV_TurboFertFertilizer "T.F. Fertilizer" [AVIF:00592F7D]	W05_WorkshopProduce_TurboFertFertilizer [LVLI:00592F7E]	W05_ResourceProductionIntervalHoursTurboFertFertilizer [GLOB:00592F7F]	0																														
0059947D	W05_WST_AmmoConstructionMachine_REUSE	NULL - Null Reference [00000000]	NULL - Null Reference [00000000]	NULL - Null Reference [00000000]	0																														
00599480	W05_WST_AmmoConstructionMachine_308	W05_WST_ResourceAV_AmmoConstructionMachine_308 "Ammo" [AVIF:0059946B]	W05_WST_WorkshopProduce_AmmoConstruction_Ballistic_308 [LVLI:00599478]	W05_WST_ResourceProductionIntervalHoursAmmoConstruction_All [GLOB:005957DF]	0																														
0059947F	W05_WST_AmmoConstructionMachine_10mm	W05_WST_ResourceAV_AmmoConstructionMachine_10mm "Ammo" [AVIF:0059946A]	W05_WST_WorkshopProduce_AmmoConstruction_Ballistic_10mm [LVLI:00599473]	W05_WST_ResourceProductionIntervalHoursAmmoConstruction_All [GLOB:005957DF]	0																														
00599481	W05_WST_AmmoConstructionMachine_Explosive	W05_WST_ResourceAV_AmmoConstructionMachine_FusionCell "Ammo" [AVIF:0059946C]	W05_WST_WorkshopProduce_AmmoConstruction_FusionCell [LVLI:00599474]	W05_WST_ResourceProductionIntervalHoursAmmoConstruction_Energy [GLOB:0059946E]	0																														
0059947E	W05_WST_AmmoConstructionMachine_FusionCell	W05_WST_ResourceAV_AmmoConstructionMachine_FusionCell "Ammo" [AVIF:0059946C]	W05_WST_WorkshopProduce_AmmoConstruction_FusionCell [LVLI:00599474]	W05_WST_ResourceProductionIntervalHoursAmmoConstruction_All [GLOB:005957DF]	0																														
005995D9	W05_WST_AmmoConstructionMachine_45	W05_WST_ResourceAV_AmmoConstructionMachine_45 "Ammo" [AVIF:0059EB0B]	W05_WST_WorkshopProduce_AmmoConstruction_Ballistic_45 [LVLI:00599477]	W05_WST_ResourceProductionIntervalHoursAmmoConstruction_All [GLOB:005957DF]	0																														
0059EB14	W05_WST_AmmoConstructionMachine_38	W05_WST_ResourceAV_AmmoConstructionMachine_38 "Ammo" [AVIF:0059EB0C]	W05_WST_WorkshopProduce_AmmoConstruction_Ballistic_38 [LVLI:0059EB0E]	W05_WST_ResourceProductionIntervalHoursAmmoConstruction_All [GLOB:005957DF]	0																														
0059EB17	W05_WST_AmmoConstructionMachine_5mm	W05_WST_ResourceAV_AmmoConstructionMachine_5mm "Ammo" [AVIF:0059EB09]	W05_WST_WorkshopProduce_AmmoConstruction_Ballistic_5mm [LVLI:0059EB12]	W05_WST_ResourceProductionIntervalHoursAmmoConstruction_All [GLOB:005957DF]	0																														
0059EB16	W05_WST_AmmoConstructionMachine_556	W05_WST_ResourceAV_AmmoConstructionMachine_556 "Ammo" [AVIF:0059EB0A]	W05_WST_WorkshopProduce_AmmoConstruction_Ballistic_556 [LVLI:0059EB13]	W05_WST_ResourceProductionIntervalHoursAmmoConstruction_All [GLOB:005957DF]	0																														
0059EB15	W05_WST_AmmoConstructionMachine_PlasmaCartridge	W05_WST_ResourceAV_AmmoConstructionMachine_PlasmaCartridge "Ammo" [AVIF:0059EB06]	W05_WST_WorkshopProduce_AmmoConstruction_PlasmaCartridge [LVLI:0059EB10]	W05_WST_ResourceProductionIntervalHoursAmmoConstruction_All [GLOB:005957DF]	0																														
0059EB19	W05_WST_AmmoConstructionMachine_Shotgun	W05_WST_ResourceAV_AmmoConstructionMachine_Shotgun "Ammo" [AVIF:0059EB08]	W05_WST_WorkshopProduce_AmmoConstruction_Ballistic_ShotgunShell [LVLI:0059EB0F]	W05_WST_ResourceProductionIntervalHoursAmmoConstruction_All [GLOB:005957DF]	0																														
0059EB18	W05_WST_AmmoConstructionMachine_GammaCell	W05_WST_ResourceAV_AmmoConstructionMachine_GammaCell "Ammo" [AVIF:0059EB07]	W05_WST_WorkshopProduce_AmmoConstruction_GammaCell [LVLI:0059EB11]	W05_WST_ResourceProductionIntervalHoursAmmoConstruction_All [GLOB:005957DF]	0																														
0059EB1A	W05_WST_AmmoConstructionMachine_44	W05_WST_ResourceAV_AmmoConstructionMachine_44 "Ammo" [AVIF:0059F2C3]	W05_WST_WorkshopProduce_AmmoConstruction_Ballistic_44 [LVLI:0059EB0D]	W05_WST_ResourceProductionIntervalHoursAmmoConstruction_All [GLOB:005957DF]	0																														
005A115B	ATX_Resource_Collectron_Santa_All	ATX_ResourceAV_Collectron_Santa "Holiday Cheer" [AVIF:005A115A]	ATX_Resources_Collectron_Santa [LVLI:005A1159]	ATX_ResourceProductionIntervalHours_Collectron_Santa [GLOB:005A1158]	0																														
005A668C	W05_WST_AmmoConstructionMachine_50	W05_WST_ResourceAV_AmmoConstructionMachine_50 "Ammo" [AVIF:005A668A]	W05_WST_WorkshopProduce_AmmoConstruction_Ballistic_50 [LVLI:005A668B]	W05_WST_ResourceProductionIntervalHoursAmmoConstruction_All [GLOB:005957DF]	0																														
005AD5AE	ATX_Resource_Collectron_Fasnacht_Party	ATX_ResourceAV_Collectron_Fasnacht_Party "Party Supplies" [AVIF:005AD5AD]	zzz_NOTinUSE_ATX_Resources_Collectron_Fasnacht_Party [LVLI:005AD5A8]	ATX_ResourceProductionIntervalHours_Collectron_Fasnacht_Party [GLOB:005AD5A1]	0																														
005AD5AC	ATX_Resource_Collectron_Fasnacht_Treats	ATX_ResourceAV_Collectron_Fasnacht_Treats "Treats" [AVIF:005AD5AF]	ATX_Resources_Collectron_Fasnacht_Treats [LVLI:005AD5A9]	ATX_ResourceProductionIntervalHours_Collectron_Fasnacht_Treats [GLOB:005AD5A2]	0																														
005C53B8	ATX_Resource_Collectron_BoS_MissionSupplies	ATX_ResourceAV_Collectron_BoS_MissionSupplies "Various Scrap" [AVIF:005C53A9]	ATX_Resources_Collectron_BoS_MissionSupplies [LVLI:005C53AF]	ATX_ResourceProductionIntervalHours_Collectron_BoS_MissionSupplies [GLOB:005C53AE]	0																														
005D1F8E	DirtyWaterResource	DirtyWater "Dirty Water" [AVIF:005D1F8C]	WorkshopProduceDirtyWater [LVLI:005D1F8D]	ResourceProductionIntervalHoursWater [GLOB:0045128B]	0																														
005F0D2B	ATX_Resource_Collectron_Gold	ATX_ResourceAV_Collectron_Gold_Scrap "Gold" [AVIF:0054B431]	ATX_Resources_Collectron_Gold_Scrap [LVLI:005F0D28]	ATX_ResourceProductionIntervalHours_Collectron_Scrap_Gold [GLOB:005F0D27]	0																														
005FBC27	ATX_Resource_Collectron_NukaCola	ATX_ResourceAV_Collectron_NukaCola "Nuka-Cola" [AVIF:005FBC16]	ATX_Resources_Collectron_NukaCola [LVLI:005FBC1B]	ATX_ResourceProductionIntervalHours_Collectron_NukaCola [GLOB:005FBC1A]	0																														
005FE791	SCORE_S4_Beehive	SCORE_S4_ResourceAV_BeeHive "Honey" [AVIF:005FE788]	SCORE_S4_Resources_Beehive [LVLI:005FE790]	SCORE_S4_ResourceProductionIntervalHours_Collectron_Beehive [GLOB:005FE78F]	0																														
0060DF57	ATX_Resource_Collectron_RedRocket_AutoParts	ATX_ResourceAV_Collectron_AutoParts "Automotive Parts" [AVIF:0060DF4E]	ATX_Resources_Collectron_AutoParts [LVLI:0060DF53]	ATX_ResourceProductionIntervalHours_Collectron_RedRocket_AutoParts [GLOB:0060DF4F]	0																														
00622F7E	ATX_Resource_Collectron_FETCH_Electronics	ATX_ResourceAV_Collectron_Electronics "Electronics" [AVIF:00622F75]	ATX_Resources_Collectron_Electronics [LVLI:00622F7A]	ATX_ResourceProductionIntervalHours_Collectron_FETCH_Electronics [GLOB:00622F79]	0																														
00623BDF	ATX_Resource_PopcornMachine_Popcorn	ATX_ResourceAV_PopcornMachine_Popcorn "Popcorn" [AVIF:00623BDC]	ATX_Resources_PopcornMachine_Popcorn [LVLI:00623BDE]	ATX_ResourceProductionIntervalHours_PopcornMachine_Popcorn [GLOB:00623BDD]	0																														
0064A14D	ATX_Resource_Collectron_Silver	ATX_ResourceAV_Collectron_Silver_Scrap "Silver" [AVIF:0064A149]	ATX_Resources_Collectron_Silver_Scrap [LVLI:0064A14A]	ATX_ResourceProductionIntervalHours_Collectron_Scrap_Gold [GLOB:005F0D27]	0																														
00662E76	ATX_MorbidWell	ATX_ResourceAV_MorbidWell "Blood" [AVIF:00662E66]	ATX_Resources_MorbidWell_Blood [LVLI:00662E6F]	ATX_ResourceProductionIntervalHours_Collectron_MorbidWell [GLOB:00662E6D]	0																														
006667FA	ATX_Resource_Collectron_FETCH_Electronics_Junk	ATX_ResourceAV_Collectron_Electronics_Junk "Scrap" [AVIF:006667EF]	ATX_Resources_Collectron_Electronics_Junkyard [LVLI:006667F5]	ATX_ResourceProductionIntervalHours_Collectron_FETCH_Electronics_Junk [GLOB:006667F0]	0																														
0067B2EB	SCORE_S11_Resource_Collectron_NukaQuantum	SCORE_S11_ResourceAV_Collectron_NukaQuantum "Nuka-Cola" [AVIF:0067B2E8]	SCORE_S11_Resources_Collectron_NukaQuantum [LVLI:0067B2EA]	SCORE_S11_ResourceProductionIntervalHours_Collectron_NukaQuantum [GLOB:0067B2E9]	0																														
0067ADC5	ATX_Resource_SlocumsJoe_CoffeeMachine01	ATX_ResourceAV_Collectron_SlocumsJoe_CoffeeMachine01 "Canned Coffee" [AVIF:0067ADC4]	ATX_Resources_Collectron_SlocumsJoe_CoffeeMachine01 [LVLI:0067ADC6]	ATX_ResourceProductionIntervalHours_Collectron_SlocumsJoeCoffeeMachine01 [GLOB:0067ADC7]	0																														
0067B39E	ATX_Resource_NukaColaCandyMachine_Candy	ATX_ResourceAV_NukaColaCandyMachine_Candy "Nuka-Cola Candy" [AVIF:0067B397]	ATX_Resources_NukaColaCandyMachine_Candy [LVLI:0067B39C]	ATX_ResourceProductionIntervalHours_NukaColaCandyMachine_Candy [GLOB:0067B39B]	0																														
0067BBB7	ATX_Resource_NukaQuantumCandyMachine_Candy	ATX_ResourceAV_NukaQuantumCandyMachine_Candy "Nuka-Cola Candy" [AVIF:0067BBB2]	ATX_Resources_NukaQuantumCandyMachine_Candy [LVLI:0067BBB6]	ATX_ResourceProductionIntervalHours_NukaQuantumCandyMachine_Candy [GLOB:0067BBB4]	0																														
0067F3B2	ATX_Resource_Collectron_TreeSapBucket	ATX_ResourceAV_Collectron_TreeSapBucket "Adhesive" [AVIF:0067F3A9]	ATX_Resources_Collectron_TreeSapBucket [LVLI:0067F3B0]	ATX_ResourceProductionIntervalHours_Collectron_TreeSapBucket [GLOB:0067F3AD]	0																														
0068E77E	ATX_Resource_Collectron_RadstagFieldDressingStation	ATX_ResourceAV_Collectron_RadstagFieldDressingStation "Radstag Meat" [AVIF:0068E77D]	ATX_Resources_Collectron_RadstagFieldDressingStation [LVLI:0068E77B]	ATX_ResourceProductionIntervalHours_Collectron_RadstagFieldDressingStation [GLOB:0068E77C]	0																														
00691C0F	SCORE_S12_Resource_FirewoodPile_Wood	SCORE_S12_ResourceAV_FirewoodPile_Wood "Wood" [AVIF:00691C06]	SCORE_S12_Resources_FirewoodPile_Wood [LVLI:00691C0E]	SCORE_S12_ResourceProductionIntervalHours_FirewoodPile_Wood [GLOB:00691C0A]	0																														
0069FB61	ATX_Resource_BrahminMilkMachine_BrahminMilk	ATX_ResourceAV_BrahminMilkMachine_BrahminMilk "Brahmin Milk" [AVIF:0069FB5E]	ATX_Resources_BrahminMilkMachine_BrahminMilk [LVLI:0069FB60]	ATX_ResourceProductionIntervalHours_BrahminMilkMachine_BrahminMilk [GLOB:0069FB5F]	0																														
006CDE36	ATX_Resource_BuddingApothecary_Flora	ATX_ResourceAV_BuddingApothecary_Flora "Various Herbs" [AVIF:006CDE33]	ATX_Resources_BuddingApothecary_Flora [LVLI:006CDE35]	ATX_ResourceProductionIntervalHours_BuddingApothecary_Flora [GLOB:006CDE34]	0																														
006C6DCD	SCORE_S14_Resource_Collectron_AutoMiner	SCORE_S14_ResourceAV_Collectron_AutoMiner "Ore" [AVIF:006C6DBC]	SCORE_S14_Resources_Collectron_AutoMiner [LVLI:006C6DC3]	SCORE_S14_ResourceProductionIntervalHours_Collectron_AutoMiner [GLOB:006C6DC2]	0																														
006F06CF	ATX_Resource_CookieJar_MudCookie	ATX_ResourceAV_CookieJar_MudCookie "Mud Cookie" [AVIF:006F06C9]	ATX_Resources_CookieJar_MudCookie [LVLI:006F06CE]	ATX_ResourceProductionIntervalHours_CookieJar_MudCookie [GLOB:006F06CD]	0																														
006F7E85	ATX_Resource_BirthdayCake_Cake	ATX_ResourceAV_Birthdaycake_Cake "Birthday Cake" [AVIF:006F7E7C]	ATX_Resources_Birthdaycake_Cake [LVLI:006F7E83]	ATX_ResourceProductionIntervalHours_BirthdayCake_Cake [GLOB:006F7E80]	0																														
006F7E95	ATX_Resource_MothmanNest_Egg	ATX_ResourceAV_MothmanNest_Egg "Mothman Eggs" [AVIF:006F7E89]	ATX_Resources_MothmanNest_egg [LVLI:006F7E94]	ATX_ResourceProductionIntervalHours_MothmanNest_Egg [GLOB:006F7E8F]	0																														
006F0690	ATX_Resource_CompanyTeaKettle_Tea	ATX_ResourceAV_CompanyTeaKettle_Tea "Company Tea" [AVIF:006F0683]	ATX_Resources_CompanyTea_Tea [LVLI:006F068E]	ATX_ResourceProductionIntervalHours_CompanyTeaKettle_Tea [GLOB:006F068D]	0																														
0073CAD1	ATX_Resource_MirelurkSteamer_Food	ATX_ResourceAV_MirelurkSteamer_Food "Mirelurk Food" [AVIF:0073CACA]	ATX_Resources_MirelurkSteamer_Food [LVLI:0073CACF]	ATX_ResourceProductionIntervalHours_MirelurkSteamer_Flora [GLOB:0073CACE]	0																														
0075B0CC	ATX_Resource_Boiler_BoiledWater	ResourceAV_BoiledWater "Boiled Water" [AVIF:007461EF]	ATX_Resources_Boiler_BoiledWater [LVLI:0075B0CB]	ATX_ResourceProductionIntervalHours_Boiler_BoiledWater [GLOB:0075B0CA]	0																														
0075C8FC	ATX_Resource_AppleTree_resource	ATX_ResourceAV_AppleTree_resource "Spoiled Fruit" [AVIF:0075C8F0]	ATX_Resources_SpoiledFruit_resource [LVLI:0075C8FB]	ATX_ResourceProductionIntervalHours_AppleTree_resource [GLOB:0075C8F8]	0																														
0075FBF9	Meat_Resource_WeenieWagon_CannedDogFood	Meat_ResourceAV_WeenieWagon_CannedDogFood "Canned Dog Food" [AVIF:0075FBEA]	Meat_Resources_WeenieWagon_CannedDogFood [LVLI:0075FBF4]	Meat_ResourceProductionIntervalHours_WeenieWagon_CannedDogFood [GLOB:0075FBF2]	0																														
0076A6C3	ATX_Resource_LumberjackCollectron	ATX_ResourceAV_LumberjackCollectron "Wood" [AVIF:0076A6BA]	ATX_Resources_LumberjackCollectron_resource [LVLI:0076A6C2]	ATX_ResourceProductionIntervalHours_LumberjackCollectron_resource [GLOB:0076A6C1]	0																														
0076D04C	Resource_MotorizedButterChurn_CookingOil	ResourceAV_MotorizedButterChurn_CookingOil "Cooking Oil" [AVIF:0076D043]	Resources_MotorizedButterChurn_CookingOil [LVLI:0076D04A]	ResourceProductionIntervalHours_MotorizedButterChurn_CookingOil [GLOB:0076D049]	0																														
0076D05B	ATX_Resource_Pemmican	ResourceAV_Pemmican "Pemmican" [AVIF:0076D050]	ATX_Resources_Pemmican [LVLI:0076D059]	ATX_ResourceProductionIntervalHours_Pemmican [GLOB:0076D056]	0																														
00771DC7	SCORE_S17_Resource_Collectron_Scoutmaster	SCORE_S17_ResourceAV_Collectron_Scoutmaster "Scout Supplies" [AVIF:00771DC6]	SCORE_S17_Resources_Collectron_Scoutmaster [LVLI:00771DC4]	SCORE_S17_ResourceProductionIntervalHours_Collectron_Scoutmaster [GLOB:00771DC5]	0																														
00773E54	ATX_Resource_RadTurkeyFieldDressingStation_resource	ATX_ResourceAV_RadTurkeyFieldDressingStation_resource "Meat" [AVIF:00773E1B]	ATX_Resources_RadTurkeyFieldDressingStation_resource [LVLI:00773E40]	ATX_ResourceProductionIntervalHours_RadTurkeyFieldDressingStation_resource [GLOB:00773E3A]	0																														
0078BB4E	ATX_Resource_TheNoddingDonkey_Oil	ATX_ResourceAV_TheNoddingDonkey_Oil "Oil" [AVIF:0078BB48]	ATX_Resources_TheNoddingDonkey_Oil [LVLI:0078BB4D]	ATX_ResourceProductionIntervalHours_TheNoddingDonkey_Oil [GLOB:0078BB4C]	0																														
00787E48	ATX_Resource_DeathclawSlowRoaster_resource	ATX_ResourceAV_DeathclawSlowRoaster_resource "BBQ Food" [AVIF:00787E20]	ATX_Resources_DeathclawSlowRoaster_resource [LVLI:00787E43]	ATX_ResourceProductionIntervalHours_DeathclawSlowRoaster_resource [GLOB:00787E40]	0																														
00787E49	ATX_Resource_PackBrahmin_resource	ATX_ResourceAV_PackBrahmin_resource "Brahmin Items" [AVIF:00787E21]	ATX_Resources_PackBrahmin_resource [LVLI:00787E44]	ATX_ResourceProductionIntervalHours_PackBrahmin_resource [GLOB:00787E41]	0																														
00787E47	ATX_Resource_GamesCupboard_resource	ATX_ResourceAV_GamesCupboard_resource "Board Games" [AVIF:00787E1F]	ATX_Resources_GamesCupboard_resource [LVLI:00787E42]	ATX_ResourceProductionIntervalHours_GamesCupboard_resource [GLOB:00787E3F]	0																														
007970FF	ATX_Resource_FermentableBeer	ResourceAV_FermentableBeer "Fermentable Beer" [AVIF:007970FB]	ATX_Resources_FermentableBeer [LVLI:007970FE]	ATX_ResourceProductionIntervalHours_FermentableBeer [GLOB:007970FD]	0																														
00798772	ATX_Resource_RedRocketDumpster_Junk	ATX_ResourceAV_RedRocketDumpster_Junk "Plastic Junk" [AVIF:0079876D]	ATX_Resources_RedRocketDumpster_Junk [LVLI:00798771]	ATX_ResourceProductionIntervalHours_RedRocketDumpster_Junk [GLOB:0079876E]	0																														
0079888B	ATX_Resource_RedRocketDumpster_Junk_Copy01	ATX_ResourceAV_CamdenParkDumpster_Junk "Plastic Junk" [AVIF:00798886]	SCORE_S25_Resources_CamdenParkDumpster_Junk [LVLI:0079888A]	ATX_ResourceProductionIntervalHours_CamdenParkDumpster_Junk [GLOB:00798887]	0																														
00799A9D	ATX_Resource_Cooler_PurifiedWater	ResourceAV_PurifiedWater "Purified Water" [AVIF:00799A90]	ATX_LL_Resources_Water_Enclave [LVLI:00799A9C]	ATX_ResourceProductionIntervalHours_Cooler_PurifiedWater [GLOB:00799A9A]	0																														
00799FA1	ATX_Resource_CounterfeitBottleCapPress_resource	ATX_ResourceAV_CounterfeitBottleCapPress_resource "Metal Scrap" [AVIF:00799F8C]	ATX_Resources_CounterfeitBottleCapPress_resource [LVLI:00799FA0]	ATX_ResourceProductionIntervalHours_CounterfeitBottleCapPress_resource [GLOB:00799F9D]	0																														
0079A1E9	ATX_Resource_EnclaveDataCenter_resource	ATX_ResourceAV_EnclaveDataCenter_resource "Electronic Parts" [AVIF:0079A1B9]	ATX_Resources_EnclaveDataCenter_resource [LVLI:0079A1DA]	ATX_ResourceProductionIntervalHours_EnclaveDataCenter_resource [GLOB:0079A1D7]	0																														
007A7D9F	ATX_Resource_CurioCabinet_resource	ATX_ResourceAV_CurioCabinet_resource "Adhesive, Asbestos, Ceramic" [AVIF:007A7D68]	ATX_Resources_CurioCabinet_resource [LVLI:007A7D91]	ATX_ResourceProductionIntervalHours_CurioCabinet_resource [GLOB:007A7D87]	0																														
007C729F	ATX_Resource_Collectron_BivBev	ATX_ResourceAV_Collectron_BivBev_Alcohol "Alcohol" [AVIF:007BCF50]	ATX_Resources_Collectron_BivBev [LVLI:007C729C]	ATX_ResourceProductionIntervalHours_Collectron_BivBev [GLOB:007C7299]	0																														
007ACF9F	SCORE_S20_Resource_SlimeCake_Cake	SCORE_S20_ResourceAV_Slimecake_Cake "Slime Cake" [AVIF:007ACF9B]	SCORE_S20_Resources_Slimecake_Cake [LVLI:007ACF9E]	ATX_ResourceProductionIntervalHours_BirthdayCake_Cake [GLOB:006F7E80]	0																														
007AE279	SSE_Resource_Radlily	SSE_ResourceAV_Container_Radlily "Radlily" [AVIF:007AE269]	SSE_Resources_LL_Radlily [LVLI:007AE275]	SSE_ResourceProductionIntervalHoursHybridTier1Flower [GLOB:007AE274]	0																														
007AE27A	SSE_Resource_CarnalWeeper	SSE_ResourceAV_Container_CarnalWeeper "Carnal Weeper" [AVIF:007AE268]	SSE_Resources_LL_CarnalWeeper [LVLI:007AE276]	SSE_ResourceProductionIntervalHoursHybridTier1Flower [GLOB:007AE274]	0																														
007AE278	SSE_Resource_CrystalCup	SSE_ResourceAV_Container_CrystalCup "Crystalcup" [AVIF:007AE267]	SSE_Resources_LL_CrystalCup [LVLI:007AE277]	SSE_ResourceProductionIntervalHoursHybridTier1Flower [GLOB:007AE274]	0																														
007AE653	SCORE_S20_Resource_Collector_ToxicGoo	SCORE_ResourceAV_ToxicGoo "Toxic Goo" [AVIF:007AE64E]	LL_Drink_WaterToxicGoo [LVLI:002118B0]	SCORE_S20_ResourceProductionIntervalHours_ToxicGoo [GLOB:007AEA60]	0																														
007AEE17	SCORE_S20_Resource_MeatCooker_Food	SCORE_S20_ResourceAV_MeatCooker_Food "Cooked Meat" [AVIF:007AEE09]	SCORE_S20_Resources_MeatCooker_Food [LVLI:007AEE13]	SCORE_S20_ResourceProductionIntervalHours_MeatCooker [GLOB:007AEE0F]	0																														
007B2880	ATX_Resource_DoctorsOrdersCigaretteMachine_resource	ATX_ResourceAV_DoctorsOrdersCigaretteMachine_resource "Tobacco Products" [AVIF:007B284A]	ATX_Resources_DoctorsOrdersCigaretteMachine_resource [LVLI:007B2871]	ATX_ResourceProductionIntervalHours_DoctorsOrdersCigaretteMachine_resource [GLOB:007B2867]	0																														
007B28EB	ATX_Resource_PoisonedEarthWell_resource	ATX_ResourceAV_PoisonedEarthWell_resource "Poisonous Scrap" [AVIF:007B2893]	ATX_Resources_PoisonedEarthWell_resource [LVLI:007B28DC]	ATX_ResourceProductionIntervalHours_PoisonedEarthWell_resource [GLOB:007B28CF]	0																														
007DC48D	ATX_Resource_PaintCanGenerator_resource	ATX_ResourceAV_PaintCanGenerator_resource "Paint Cans" [AVIF:007DC484]	ATX_Resources_PaintCanGenerator_resource [LVLI:007DC48C]	ATX_ResourceProductionIntervalHours_PaintCanGenerator_resource [GLOB:007DC48A]	0																														
007F5555	ATX_DirtyWaterResource	ResourceAV_DirtyWater "Dirty Water" [AVIF:007F5559]	WorkshopProduceDirtyWater [LVLI:005D1F8D]	ATX_ResourceProductionIntervalHours_DirtyWater [GLOB:007F5556]	0																														
008082AB	ATX_Resource_FishTrap_Food	ATX_ResourceAV_FishTrap_Food "Fish" [AVIF:008082A5]	ATX_Resources_FishTrap_Fish [LVLI:007D6B0D]	ATX_ResourceProductionIntervalHours_FishTrap_Flora [GLOB:007D6B09]	0																														
008082AA	ATX_Resource_LiveBaitBarrel_Food	ATX_ResourceAV_LiveBaitBarrel_Food "Bait" [AVIF:008082A4]	ATX_Resources_LiveBaitBarrel_Bait [LVLI:007D6AD6]	ATX_ResourceProductionIntervalHours_LiveBaitBarrel_Flora [GLOB:007D6AD1]	0																														
0083E795	ATX_Resource_WallmountedOven_resource	ATX_ResourceAV_WallmountedOven_resource "Meat" [AVIF:0083E76C]	ATX_Resources_WallmountedOven_resource [LVLI:0083E791]	ATX_ResourceProductionIntervalHours_WallmountedOven_resource [GLOB:0083E785]	0																														
0083E794	ATX_Resource_PumpkinPie_resource	ATX_ResourceAV_PumpkinPie_resource "Pumpkin Pie" [AVIF:0083E76B]	ATX_Resources_PumpkinPie_resource [LVLI:0083E790]	ATX_ResourceProductionIntervalHours_PumpkinPie_resource [GLOB:0083E782]	0																														
008308D9	SCORE_S22_Resource_Collector_SoulSoupServer_Food	SCORE_S22_ResourceAV_Collector_SoulSoupServer_Food "Cooked Soup" [AVIF:008308D0]	SCORE_S22_Resources_Collector_SoulSoupServer_Food [LVLI:008308D7]	SCORE_S22_ResourceProductionIntervalHours_Collector_SoulSoupServer [GLOB:008308D4]	0																														
0083090B	ZZZ_SCORE_S22_Resource_MotorizedButterChurn_VaultTec_CookingOil	NULL - Null Reference [00000000]	NULL - Null Reference [00000000]	ResourceProductionIntervalHours_MotorizedButterChurn_CookingOil [GLOB:0076D049]	0																														
0083645A	SCORE_S22_Resource_Collectron_RoboButler	SCORE_S22_ResourceAV_Collectron_RoboButler "Food and Cleaning" [AVIF:00836469]	SCORE_S22_Resources_Collectron_RoboButler [LVLI:00836460]	SCORE_S22_ResourceProductionIntervalHours_Collectron_RoboButler [GLOB:00836461]	0																														
0084131E	ATX_Resource_BarrelofToxicGoo_resource	ATX_ResourceAV_BarrelofToxicGoo_resource "Toxic Goo" [AVIF:00841301]	ATX_Resources_BarrelofToxicGoo_resource [LVLI:00841313]	ATX_ResourceProductionIntervalHours_BarrelofToxicGoo_resource [GLOB:0084130F]	0																														
00848146	SCORE_S22_Resource_SpiceRack_Spices	SCORE_S22_ResourceAV_SpiceRack_Spices "Various Spices" [AVIF:0084813B]	SCORE_S22_Resources_SpiceRack_Spices [LVLI:00848145]	SCORE_S22_ResourceProductionIntervalHours_SpiceRack [GLOB:00848144]	0																														
0084CCA7	ATX_LiberatedResource_Collector	ATX_ResourceAV_Collectron_Liberated_Collector "Junk" [AVIF:0084CCA4]	ATX_Resources_Collectron_Liberated [LVLI:0084CCA6]	ATX_ResourceProductionIntervalHours_Collectron_Liberated [GLOB:0084CCA5]	0																														
0084B0BE	zzzSCORE_S23_Resource_BodyinBathtub_Water	zzzSCORE_S23_ResourceAV_BodyinBathtub_Water "Toxic Water" [AVIF:0084B0B2]	zzzSCORE_S23_Resources_BodyinBathtub_Food [LVLI:0084B0BC]	zzzSCORE_S23_ResourceProductionIntervalHours_BodyinBathtub [GLOB:0084B0B9]	0																														
0084CCE6	ATX_Resource_RockerBox_resource	ATX_ResourceAV_RockerBox_resource "Minerals" [AVIF:0084CCCD]	ATX_Resources_RockerBox_resource [LVLI:0084CCE4]	ATX_ResourceProductionIntervalHours_RockerBox_resource [GLOB:0084CCDF]	0																														
00854BEF	zzzz_ATX_Resource_AmmOMatic_resource	zzzz_ATX_ResourceAV_AmmOMatic_resource "Ammo" [AVIF:00854BE7]	zzzz_ATX_Resources_AmmOMatic_resource [LVLI:00854BEE]	zzzz_ATX_ResourceProductionIntervalHours_AmmOMatic_resource [GLOB:00854BED]	0																														
008577F0	ATX_Resource_ToxicBob	ATX_ResourceAV_ToxicBob "Toxic Goo" [AVIF:008577EC]	ATX_Resources_ToxicBobCollectron_resource [LVLI:008577EE]	ATX_ResourceProductionIntervalHours_ToxicBob_resource [GLOB:008577ED]	0																														
0085CE58	SCORE_S23_Resource_Collectron_Cornbot	SCORE_S23_ResourceAV_Collectron_Cornbot "Corn" [AVIF:0085CE47]	SCORE_S23_Resources_Collectron_Cornbot [LVLI:0085CE50]	SCORE_S23_ResourceProductionIntervalHours_Collectron_Cornbot [GLOB:0085CE4F]	0																														
0085D82A	SCORE_S23_Resource_CrashedCargoBot	SCORE_S23_ResourceAV_CrashedCargoBot "Military Supplies" [AVIF:0085D81F]	SCORE_S23_Resources_CrashedCargoBot [LVLI:0085D829]	SCORE_S23_ResourceProductionIntervalHours_CrashedCargoBot [GLOB:0085D826]	0																														
00888554	ATX_Resource_AmmOMatic_resource_556	ATX_ResourceAV_AmmOMatic_resource_556 "Ammo" [AVIF:0088855A]	ATX_Resources_AmmOMatic_resource_556 [LVLI:00888566]	ATX_ResourceProductionIntervalHours_AmmOMatic_resource_556 [GLOB:00888560]	0																														
00888550	ATX_Resource_AmmOMatic_resource_10mm	ATX_ResourceAV_AmmOMatic_resource_10mm "Ammo" [AVIF:00888556]	ATX_Resources_AmmOMatic_resource_10mm [LVLI:00888562]	ATX_ResourceProductionIntervalHours_AmmOMatic_resource_10mm [GLOB:0088855C]	0																														
00888551	ATX_Resource_AmmOMatic_resource_308Caliber	ATX_ResourceAV_AmmOMatic_resource_308Caliber "Ammo" [AVIF:00888557]	ATX_Resources_AmmOMatic_resource_308Caliber [LVLI:00888563]	ATX_ResourceProductionIntervalHours_AmmOMatic_resource_308Caliber [GLOB:0088855D]	0																														
00888552	ATX_Resource_AmmOMatic_resource_44	ATX_ResourceAV_AmmOMatic_resource_44 "Ammo" [AVIF:00888558]	ATX_Resources_AmmOMatic_resource_44 [LVLI:00888564]	ATX_ResourceProductionIntervalHours_AmmOMatic_resource_44 [GLOB:0088855E]	0																														
00888555	ATX_Resource_AmmOMatic_resource_ShotgunShell	ATX_ResourceAV_AmmOMatic_resource_ShotgunShell "Ammo" [AVIF:0088855B]	ATX_Resources_AmmOMatic_resource_ShotgunShell [LVLI:00888567]	ATX_ResourceProductionIntervalHours_AmmOMatic_resource_ShotgunShell [GLOB:00888561]	0																														
00888553	ATX_Resource_AmmOMatic_resource_45Caliber	ATX_ResourceAV_AmmOMatic_resource_45Caliber "Ammo" [AVIF:00888559]	ATX_Resources_AmmOMatic_resource_45Caliber [LVLI:00888565]	ATX_ResourceProductionIntervalHours_AmmOMatic_resource_45Caliber [GLOB:0088855F]	0																														
008975A7	ATX_Resource_Curing_resource	ATX_ResourceAV_Curing_resource "Jerky" [AVIF:0089759F]	ATX_Resources_Curing_resource [LVLI:008975A6]	ATX_ResourceProductionIntervalHours_Curing_resource [GLOB:008975A3]	0																														
0089A4DA	ATX_Resource_SteamBoiler_resource	ATX_ResourceAV_SteamBoiler_resource "SteamBoiler" [AVIF:0089A4D4]	NULL - Null Reference [00000000]	ATX_ResourceProductionIntervalHours_SteamBoiler_resource [GLOB:0089A4D7]	0																														
0089A839	ATX_Resource_FishPile_resource	ATX_ResourceAV_FishPile_resource "Common Bait" [AVIF:0089A831]	ATX_Resources_FishPile_resource [LVLI:0089A838]	ATX_ResourceProductionIntervalHours_FishPile_resource [GLOB:0089A835]	0																														
0089AA0D	ATX_Resource_BrahminRack_resource	ATX_ResourceAV_BrahminRack_resource "Raw Leather" [AVIF:0089AA05]	ATX_Resources_BrahminRack_resource [LVLI:0089AA0C]	ATX_ResourceProductionIntervalHours_BrahminRack_resource [GLOB:0089AA09]	0																														
0085B25F	ATX_Resource_Shredder_resource	ATX_ResourceAV_Shredder_resource "Suspicous Items" [AVIF:0085B257]	ATX_Resources_Shredder_resource [LVLI:0085B25E]	ATX_ResourceProductionIntervalHours_Shredder_resource [GLOB:0085B25B]	0																														
0089A8BF	SCORE_S24_Resource_StrangeCurioCabinet_resource	SCORE_S24_ResourceAV_StrangeCurioCabinet_resource "Adhesive, Asbestos, Ceramic" [AVIF:0089A8B8]	SCORE_S24_Resources_StrangeCurioCabinet_resource [LVLI:0089A8BD]	SCORE_S24_ResourceProductionIntervalHours_StrangeCurioCabinet_resource [GLOB:0089A8BA]	0																														
008A52C9	ATX_PeppinoResource_Collector	ATX_ResourceAV_Collectron_Peppino_Collector "Circus Junk" [AVIF:008A52C1]	ATX_Resources_Collectron_Peppino [LVLI:008A52C7]	ATX_ResourceProductionIntervalHours_Collectron_Peppino [GLOB:008A52C3]	0																														
008A7075	SCORE_S24_Resource_SurvivalCache	SCORE_S24_ResourceAV_SurvivalCache "Rip's Essentials" [AVIF:008A706A]	SCORE_S24_Resources_SurvivalCache [LVLI:008A7074]	SCORE_S24_ResourceProductionIntervalHours_SurvivalCache [GLOB:008A7072]	0																														
008B2023	ATX_EvidenceCollectionAssistantResource_Collector	ATX_ResourceAV_Collectron_EvidenceCollectionAssistant "Evidence" [AVIF:008AD796]	ATX_Resources_Collectron_EvidenceCollectionAssistant [LVLI:008AD79B]	ATX_ResourceProductionIntervalHours_Collectron_EvidenceCollectionAssistant [GLOB:008B2022]	0																														
008B53B3	ATX_Resource_TeaWizard_resource	ATX_ResourceAV_TeaWizard_resource "Lucky Leaf Tea" [AVIF:008B5447]	ATX_Resources_TeaWizard_resource [LVLI:008B53FE]	ATX_ResourceProductionIntervalHours_TeaWizard_resource [GLOB:008B5401]	0																														
008B1570	zzz_ATX_Resource_CleaningTable_resource	zzz_ATX_ResourceAV_CleaningTable_resource "CleaningTable" [AVIF:008B1568]	zzz_ATX_Resources_CleaningTable_resource [LVLI:008B156F]	zzz_ATX_ResourceProductionIntervalHours_CleaningTable_resource [GLOB:008B156C]	0																														
008B1CD8	ATX_Resource_NukaVictory_resource	ATX_ResourceAV_NukaVictory_resource "Nuka Victory Candy" [AVIF:008B1CD0]	ATX_Resources_NukaVictory_resource [LVLI:008B1CD7]	ATX_ResourceProductionIntervalHours_NukaVictory_resource [GLOB:008B1CD4]	0																														
008B3DE7	SCORE_S25_Resource_Collectron_MrFarmhand	SCORE_S25_ResourceAV_Collectron_MrFarmhand "FarmResources" [AVIF:008B3DBA]	SCORE_S25_Resources_Collectron_MrFarmhand [LVLI:008B3DCC]	SCORE_S25_ResourceProductionIntervalHours_Collectron_MrFarmhand [GLOB:008B3DCB]	0																														
008CD16C	ATX_SirLoinResource_Collector	ATX_ResourceAV_Collectron_SirLoin_Collector "Fleisch" [AVIF:008CD15C]	ATX_Resources_Collectron_SirLoin [LVLI:008CD162]	ATX_ResourceProductionIntervalHours_Collectron_SirLoin [GLOB:008CD161]	0																														
